"","seq","score","idx"
"Scer43","M",-792,1
"Scer44","K",-719,2
"Scer45","L",-687,3
"Scer46","P",-836,4
"Scer47","Q",-918,5
"Scer48","T",-1261,6
"Scer49","M",620,7
"Scer50","L",-5,8
"Scer51","R",-92,9
"Scer52","S",-576,10
"Scer53","I",-450,11
"Scer54","S",-193,12
"Scer55","V",-734,13
"Scer56","K",-710,14
"Scer57","H",-691,15
"Scer58","V",-1046,16
"Scer59","R",-1191,17
"Scer60","W",-949,18
"Scer61","P",-1148,19
"Scer62","R",-1207,20
"Scer63","I",-995,21
"Scer64","L",-966,22
"Scer65","T",-1169,23
"Scer66","G",-855,24
"Scer67","S",-696,25
"Scer68","K",-924,26
"Scer100","L",-511,27
"Scer101","W",-1074,28
"Scer102","Y",-938,29
"Scer103","S",-275,30
"Scer104","T",-495,31
"Scer105","Q",-732,32
"Scer106","M",-642,33
"Scer107","A",-608,34
"Scer108","M",468,35
"Scer109","T",1456,36
"Scer110","P",1164,37
"Scer111","E",1183,38
"Scer112","E",3380,39
"Scer113","K",1229,40
"Scer114","M",340,41
"Scer115","I",2494,42
"Scer116","T",1107,43
"Scer117","D",1285,44
"Scer118","K",1217,45
"Scer119","L",2512,46
"Scer120","Q",353,47
"Scer121","Q",766,48
"Scer122","E",970,49
"Scer123","L",1914,50
"Scer124","E",749,51
"Scer125","P",4330,52
"Scer126","E",229,53
"Scer127","V",30,54
"Scer128","C",1440,55
"Scer129","K",1239,56
"Scer130","V",2654,57
"Scer131","Q",687,58
"Scer132","D",4056,59
"Scer133","V",2247,60
"Scer134","S",2704,61
"Scer135","G",4056,62
"Scer136","G",4056,63
"Scer137","C",6084,64
"Scer138","G",4056,65
"Scer139","S",2555,66
"Scer140","M",3380,67
"Scer141","F",3651,68
"Scer142","A",1763,69
"Scer143","I",2654,70
"Scer144","N",235,71
"Scer145","I",2384,72
"Scer146","T",931,73
"Scer147","S",2555,74
"Scer148","K",566,75
"Scer149","K",2224,76
"Scer150","F",4056,77
"Scer151","N",1637,78
"Scer152","G",2476,79
"Scer153","L",2135,80
"Scer154","S",1100,81
"Scer155","L",1191,82
"Scer156","I",2374,83
"Scer157","K",2939,84
"Scer158","Q",3380,85
"Scer159","H",5408,86
"Scer160","Q",1712,87
"Scer161","L",2332,88
"Scer162","V",2507,89
"Scer163","N",4056,90
"Scer164","R",1574,91
"Scer165","I",2246,92
"Scer166","L",2704,93
"Scer167","R",2351,94
"Scer168","D",3191,95
"Scer169","D",2461,96
"Scer170","I",2704,97
"Scer171","S",683,98
"Scer172","R",1551,99
"Scer173","W",7436,100
"Scer174","H",5408,101
"Scer175","G",4056,102
"Scer176","L",2604,103
"Scer177","Q",3380,104
"Scer178","L",2704,105
"Scer179","T",985,106
"Scer180","T",3380,107
"Scer181","K",2017,108
"Scer182","K",855,109
"Scer183","S",-62,110
"Scer184","T",-964,111
"Scer185","G",-796,112
"Scer186","K",-555,113
"Scer187","G",-186,114
"Scer188","P",-184,115
"Scer189","A",-197,116
"Scer190","S",-183,117
"Scer191","S",-156,118
