,systematic_name,seq,pred_score,id
0,mrn1_F2G_1,NGGDAVYPMNGNFTLLPSDFTREPNDSFFYENDGIFDYQRIQQQPTQFQT,2.3793132305145264,var1
1,mrn1_F2G:Y7K_2,NGGDAVKPMNGNFTLLPSDFTREPNDSFFYENDGIFDYQRIQQQPTQFQT,1.1914268732070923,var2
2,mrn1_F2G:Y7K:F28V_3,NGGDAVKPMNGNFTLLPSDFTREPNDSVFYENDGIFDYQRIQQQPTQFQT,-0.466797233,var3
3,mrn1_F2G:Y7K:F28V:F29D_4,NGGDAVKPMNGNFTLLPSDFTREPNDSVDYENDGIFDYQRIQQQPTQFQT,-2.72467351,var4
4,mrn1_F2G:Y7K:F28V:F29D:Y30V_5,NGGDAVKPMNGNFTLLPSDFTREPNDSVDVENDGIFDYQRIQQQPTQFQT,-4.094189167,var5
5,mrn1_F2G:Y7K:F28V:F29D:Y30V:E31D_6,NGGDAVKPMNGNFTLLPSDFTREPNDSVDVDNDGIFDYQRIQQQPTQFQT,-6.505476952,var6
6,mrn1_F2G:Y7K:F28V:F29D:Y30V:E31D:I35D_7,NGGDAVKPMNGNFTLLPSDFTREPNDSVDVDNDGDFDYQRIQQQPTQFQT,-8.85098362,var7
7,mrn1_F2G:Y7K:F28V:F29D:Y30V:E31D:I35D:F36K_8,NGGDAVKPMNGNFTLLPSDFTREPNDSVDVDNDGDKDYQRIQQQPTQFQT,-9.463213921,var8
8,mrn1_F2G:Y7K:F28V:F29D:Y30V:E31D:I35D:F36K:Y38K_9,NGGDAVKPMNGNFTLLPSDFTREPNDSVDVDNDGDKDKQRIQQQPTQFQT,-11.42738533,var9
9,mrn1_F2G:Y7K:F28V:F29D:Y30V:E31D:I35D:F36K:Y38K:Q39V_10,NGGDAVKPMNGNFTLLPSDFTREPNDSVDVDNDGDKDKVRIQQQPTQFQT,-11.64900112,var10
10,mrn1_wt,NFGDAVYPMNGNFTLLPSDFTREPNDSFFYENDGIFDYQRIQQQPTQFQT,3.512171745,wt
11,mrn1_scramble,IFQEYSDQEGDNNQYFIALNDDVRPYTTGQQDTNFFSLMRPTNFFQGFPP,6.826363087,scramble