seq,score,variant
NSQNQYFQQWQWNYPLMAYPNPDTFPYYPPYPPNQSPNQNFGYNKNNYYR,12.4634,WT
NSQNQYFQQWQDNYPLMAYPNPDTFPYYPPYPPNQSPNQNFGYNKNNYYR,10.245791,1
NSQNQYFQQGQDNYPLMAYPNPDTFPYYPPYPPNQSPNQNFGYNKNNYYR,8.774631,2
NSQNQYFQQGQDNYPLMAYPNPDTDPYYPPYPPNQSPNQNFGYNKNNYYR,7.0196695,3
NSQNQYFQQGQDNYPLMAYPNPDTDPYYPPYPPNQSPNQNFGYNKNNYAR,4.7527723,4
NSQNQYFQQGQDNDPLMAYPNPDTDPYYPPYPPNQSPNQNFGYNKNNYAR,2.8076205,5
NSQNQYFQQGQDNDPLMAYPNPDTDPYYPPYPPNQSPNQNAGYNKNNYAR,1.3857033,6
NSQNQYFQQGQDNDPLMAYPNPDTDPYYDPYPPNQSPNQNAGYNKNNYAR,-0.22424233,7
NSQNQYFQQGQDNDPLMAYPNPDTDPYGDPYPPNQSPNQNAGYNKNNYAR,-1.6343646,8
NSQNQYFQQGQDNDPLMAYPNPDTDPYGDPLPPNQSPNQNAGYNKNNYAR,-3.920581,9
NSQNQEFQQGQDNDPLMAYPNPDTDPYGDPLPPNQSPNQNAGYNKNNYAR,-5.504065,10
WYPASKTYYPDNYPMYNNNLFQNPPGNYNQWYNQNQPQSFPYNYPQPFRQ,10.9276,scramble