Standard Name,Length
Cox1p,534
Ai1p,834
Ai2p,854
Ai3p,415
Ai4p,556
Ai5_Alphap,630
Ai5_Betap,354
Atp8p,48
Atp6p,259
Cobp,385
Bi2p,423
Bi3p,517
Bi4p,638
Oli1p,76
Var1p,398
Sceip,235
Cox2p,251
Q0255p,472
Cox3p,269
Flp1p,423
Rep1p,373
Raf1p,181
Rep2p,296
Tfc3p,1160
Vps8p,1274
Efb1p,206
Ssa1p,642
Erp2p,215
Fun14p,198
Spo7p,259
Mdm10p,493
Swc3p,625
Cys3p,394
Dep1p,405
Syn8p,255
Ntg1p,399
Tpd3p,635
Psk1p,1356
Lds1p,325
Fun30p,1131
Ats1p,333
Ccr4p,837
Fun26p,517
Pmt2p,759
Lte1p,1435
Mak16p,306
Drs2p,1355
Saw1p,261
Frt2p,528
Myo4p,1471
Snc1p,117
Gip4p,760
Prp45p,379
Pop5p,173
Fun19p,413
Mtw1p,289
Fun12p,1002
Rbg1p,369
Yal037C-Ap,30
Yal037Wp,267
Cdc19p,500
Cyc3p,269
Cln3p,580
Cdc24p,854
Erv46p,415
Pta1p,785
Gcv3p,170
Bol1p,110
Bol3p,118
Spc72p,622
Gem1p,662
Aim2p,246
Oaf1p,1047
Flc2p,783
Acs1p,713
Pex22p,180
Gpb2p,880
Cne1p,502
Ecm1p,212
Bdh1p,382
Bdh2p,417
Gdh3p,457
Flo9p,1322
Yal063C-Ap,96
Tda8p,126
Yal064Wp,94
Yal064W-Bp,126
Yal065Cp,128
Seo1p,593
Yal067W-Ap,75
Pau8p,120
Erp1p,219
Nup60p,539
Swd1p,426
Rfa1p,621
Sen34p,275
Bud14p,709
Ade1p,306
Kin3p,435
Cdc15p,974
Pau7p,55
Yar023Cp,179
Uip3p,235
Yar028Wp,234
Yar029Wp,74
Prm9p,298
Mst28p,234
Yar035C-Ap,26
Yat1p,687
Swh1p,1188
Flo1p,1537
Yar064Wp,99
Yar066Wp,203
Yar068Wp,161
Pho11p,467
Ecm15p,104
Htb2p,131
Hta2p,132
Utp20p,2493
Pdr3p,976
Ldb7p,180
Sla1p,1244
Hir1p,840
Ybl008W-Ap,79
Alk2p,676
Laa2p,280
Sct1p,759
Fmt1p,401
Rrn6p,894
Ach1p,526
Fus3p,353
Pep1p,1579
Pop8p,133
Apn2p,520
Rft1p,574
Hap3p,144
Pim1p,1133
Mcm2p,868
Ncl1p,684
Rrn10p,145
Lsm2p,95
Rpl19Bp,189
Ybl028Cp,106
Ybl029C-Ap,94
Ybl029Wp,376
Pet9p,318
She1p,338
Hek2p,381
Rib1p,345
Stu1p,1513
Pol12p,705
Ybl036Cp,257
Apl3p,1025
Mrpl16p,232
Ura7p,579
Min6p,59
Erd2p,219
Pre7p,241
Fui1p,639
Ecm13p,257
Ybl044Wp,122
Cor1p,457
Psy4p,441
Ede1p,1381
Rrt1p,103
Moh1p,138
Sec17p,292
Pin4p,668
Sas3p,831
Tod6p,525
Ybl055Cp,418
Ptc3p,468
Pth2p,208
Shp1p,423
Cmc2p,109
Iai11p,193
Yel1p,687
Skt5p,696
Kip1p,1111
Prx1p,261
Sef1p,1148
Ubp13p,747
Prs4p,326
Ast1p,429
Ybl071Cp,102
Ybl071C-Bp,32
Kti11p,82
Rps8Ap,200
Aar2p,355
Ssa3p,649
Ils1p,1072
Atg8p,117
Nup170p,1502
Pet112p,541
Ybl081Wp,368
Alg3p,458
Cdc27p,758
Boi1p,980
Ybl086Cp,466
Rpl23Ap,137
Tel1p,2787
Avt5p,459
Mrp21p,177
Map2p,421
Scs22p,175
Rpl32p,130
Rox3p,220
Mrx3p,270
Brn1p,754
Bna4p,460
Atp1p,545
Ybl100W-Cp,39
Ecm21p,1117
Sft2p,215
Rtg3p,486
Sea4p,1038
Pkc1p,1151
Sro77p,1010
Mix23p,196
Pau9p,42
Ybl111Cp,667
Ybl112Cp,105
Ybl113Cp,792
Nth2p,780
Rer2p,286
Coq1p,473
Gpi18p,433
Rcr1p,213
Uga2p,497
Dsf2p,736
Flr1p,548
Hhf1p,103
Hht1p,136
Ipp1p,287
Ybr013Cp,129
Grx7p,203
Mnn2p,597
Ybr016Wp,128
Kap104p,918
Gal7p,366
Gal10p,699
Gal1p,528
Fur4p,633
Poa1p,177
Chs3p,1165
Sco2p,301
Ola1p,394
Etr1p,380
Ybr027Cp,110
Ypk3p,525
Cds1p,457
Rkm3p,552
Rpl4Ap,362
Ybr032Wp,100
Eds1p,919
Hmt1p,348
Pdx3p,228
Csg2p,410
Sco1p,295
Chs2p,963
Atp3p,311
Fig1p,298
Fat1p,669
Cst26p,397
Qdr3p,689
Tcm62p,572
Gip1p,639
Zta1p,334
Fmp23p,175
Rps11Bp,156
Reb1p,810
Reg2p,338
Rfs1p,210
Ybr053Cp,358
Yro2p,344
Prp6p,899
Ybr056Wp,501
Mnc1p,66
Mum2p,366
Ubp14p,781
Tsc3p,80
Akl1p,1108
Orc2p,620
Trm7p,310
Ybr062Cp,180
Ybr063Cp,404
Ecm2p,364
Nrg2p,220
Tip1p,210
Bap2p,609
Tat1p,619
Alg14p,237
Ybr071Wp,211
Ybr072C-Ap,53
Hsp26p,214
Rdh54p,958
Pff1p,976
Ecm8p,354
Slm4p,162
Ecm33p,429
Rpg1p,964
Sec18p,758
Spt7p,1332
Ubc4p,148
Tec1p,486
Rpl19Ap,189
Mis1p,975
Ybr085C-Ap,85
Aac3p,307
Ist2p,946
Rfc5p,354
Pol30p,258
Nhp6Bp,99
Ybr090Cp,122
Tim12p,109
Pho3p,467
Pho5p,467
Pby1p,753
Rxt2p,430
Ybr096Wp,230
Vps15p,1454
Mms4p,691
Fes1p,290
Exo84p,753
Sif2p,535
Ymc2p,329
Vid24p,362
Snd3p,188
Iml3p,245
Aim3p,947
Cmd1p,147
Alg1p,449
Ysa1p,231
Sus1p,96
Cyc8p,966
Rad16p,790
Lys2p,1392
Tkl2p,681
Tef2p,458
Mud1p,298
Cbp6p,162
Grs1p,667
Mrpl36p,177
Tfc1p,649
Ptc4p,393
Tps1p,495
Meo1p,68
Vma2p,517
Atg14p,344
Opy1p,328
She3p,425
Ccz1p,704
Agp2p,596
Hsl7p,827
Cks1p,150
Mec1p,2368
Ybr137Wp,179
Ybr138Cp,524
Atg42p,508
Ira1p,3092
Bmt2p,337
Mak5p,773
Sup45p,437
Ybr144Cp,104
Adh5p,351
Mrps9p,278
Rtc2p,296
Ysw1p,609
Ara1p,344
Tbs1p,1094
Apd1p,316
Spp381p,291
Rib7p,244
Rpb5p,215
Cns1p,385
Sli15p,698
Ics2p,255
Amn1p,549
Ifa38p,347
Cdc28p,298
Csh1p,376
Tos1p,455
Ysy6p,65
Exo5p,585
Arl1p,183
Ubs1p,277
Tyr1p,452
Pop7p,140
Pex32p,413
Sse2p,693
Npl4p,580
Sec66p,206
Smy2p,740
Ump1p,148
Swd3p,315
Ecm31p,312
Eht1p,451
Fzo1p,855
Dtr1p,572
Rps6Bp,236
Smp1p,452
Ybr182C-Ap,64
Ypc1p,316
Ybr184Wp,523
Mba1p,278
Pch2p,564
Gdt1p,280
Ntc20p,140
Rps9Bp,195
Rpl21Ap,160
Rim2p,377
Med8p,223
Aim4p,123
Msi1p,422
Pgi1p,554
Ybr196C-Ap,49
Ybr196C-Bp,34
Ybr197Cp,217
Taf5p,798
Ktr4p,464
Bem1p,551
Ybr200W-Ap,54
Min7p,67
Der1p,211
Mcm7p,845
Cos111p,924
Ldh1p,375
Ktr3p,404
Fth1p,465
"Dur1,2p",1835
Ybr209Wp,105
Erv15p,142
Ame1p,324
Ngr1p,672
Met8p,274
Sds24p,527
Hpc2p,625
Ybp1p,674
Atg12p,186
Pyc2p,1180
Ybr219Cp,127
Ybr220Cp,560
Pdb1p,366
Ybr221W-Ap,34
Pcs60p,543
Tdp1p,544
Ybr225Wp,900
Mcx1p,520
Slx1p,304
Rot2p,954
Om14p,134
Coq21p,66
Swc5p,303
Pbp2p,413
Dad3p,94
Arc40p,384
Vhc1p,1120
Abd1p,436
Prp5p,849
Ybr238Cp,731
Ert1p,529
Thi2p,450
Ybr241Cp,488
Ybr242Wp,238
Alg7p,448
Gpx2p,162
Isw1p,1129
Rrt2p,387
Enp1p,483
His7p,552
Aro4p,370
Spo23p,523
Mrps5p,307
Dut1p,147
Srb6p,121
Trs20p,175
Rcf3p,120
Mtc4p,694
Rib5p,238
Pop4p,279
Shg1p,142
Ybr259Wp,688
Rgd1p,666
Tae1p,232
Mic12p,106
Shm1p,490
Ypt10p,199
Tsc10p,320
Rei1p,393
Mrpl37p,105
Sdh8p,138
Bit2p,545
Efm2p,419
Hsm3p,480
Ubx7p,436
Chk1p,527
Rif1p,1916
Pps1p,807
Dpb3p,201
Paf1p,445
Saf1p,637
Dug2p,878
Mrpl27p,146
Ssh1p,490
Ybr284Wp,797
Ybr285Wp,144
Ape3p,537
Ybr287Wp,427
Apm3p,483
Snf5p,905
Bsd2p,321
Ctp1p,299
Ybr292Cp,123
Vba2p,474
Sul1p,859
Pca1p,1216
Pho89p,574
Tyc1p,39
Mal33p,468
Mal31p,614
Ybr298C-Ap,73
Mal32p,584
Pau24p,120
Cos2p,379
Rer1p,188
Ycl001W-Ap,153
Ycl001W-Bp,84
Ycl002Cp,263
Pgs1p,521
Ldb16p,256
Vma9p,73
Stp22p,385
Ilv6p,309
Sgf29p,259
Gbp2p,427
Ycl012Cp,134
Bud3p,1636
Dcc1p,380
Nfs1p,497
Leu2p,364
Ycl021W-Ap,125
Kcc4p,1037
Agp1p,633
Frm2p,193
Hbn1p,193
Fus1p,512
Rnq1p,405
Bik1p,440
His4p,799
Rrp7p,297
Ste50p,346
Mxr2p,168
Lsb5p,354
Grx1p,110
Gfd2p,566
Sro9p,434
Atg22p,528
Gid7p,745
Glk1p,500
Ycl042Wp,119
Pdi1p,522
Mgr1p,417
Emc1p,760
Pof1p,258
Sps22p,463
Ycl048W-Ap,79
Ycl049Cp,312
Apa1p,321
Lre1p,583
Pbn1p,416
Spb1p,841
Rdt1p,28
Kar4p,335
Pex34p,144
Mic10p,97
Prd1p,712
Fyv5p,152
Adf1p,113
Krr1p,316
Mrc1p,1096
Vac17p,423
Cha1p,360
Hmlalpha1p,175
Hmlalpha2p,210
Ycl068Cp,260
Vba3p,458
Gex1p,615
Ycr001Wp,104
Cdc10p,322
Mrpl32p,183
Ycp4p,247
Cit2p,460
Ycr006Cp,157
Ycr007Cp,239
Sat4p,603
Rvs161p,265
Ady2p,283
Adp1p,1049
Pgk1p,416
Pol4p,582
Cto1p,317
Ycr016Wp,290
Cwh43p,953
Srd1p,221
Mak32p,363
Pet18p,215
Mak31p,88
Htl1p,78
Hsp30p,332
Ycr022Cp,114
Ycr023Cp,611
Slm5p,492
Pmp1p,40
Ycr024C-Bp,88
Ycr025Cp,136
Npp1p,742
Rhb1p,209
Fen2p,512
Rim1p,135
Syp1p,870
Rps14Ap,137
Bph1p,2167
Snt1p,1226
Elo2p,347
Rrp43p,394
Rbk1p,333
Pho87p,923
Bud5p,642
Matalpha2p,210
Matalpha1p,175
Ycr041Wp,110
Taf2p,1407
Ycr043Cp,127
Per1p,357
Rrt12p,491
Img1p,169
Bud23p,275
Are1p,610
Ycr050Cp,102
Ycr051Wp,222
Rsc6p,483
Thr4p,514
Ctr86p,563
Pwp2p,923
Yih1p,258
Tah1p,111
Ycr061Wp,631
Bud31p,157
Hcm1p,564
Rad18p,487
Sed4p,1065
Atg15p,520
Cpr4p,318
Img2p,146
Rsa4p,515
Ssk22p,1331
Sol2p,315
Ers1p,260
Ego2p,75
Fub1p,250
Pat1p,796
Ptc6p,442
Srb8p,1427
Ahc2p,128
Trx3p,127
Tup1p,713
Ycr085Wp,117
Csm1p,190
Ycr087C-Ap,153
Abp1p,592
Fig2p,1609
Ycr090Cp,182
Kin82p,720
Msh3p,1018
Cdc39p,2108
Cdc50p,391
Oca4p,362
Ycr095W-Ap,52
Hmra2p,119
Hmra1p,126
Git1p,518
Ycr099Cp,155
Ema35p,316
Ycr101Cp,182
Ycr102Cp,368
Pau3p,124
Adh7p,361
Rds1p,832
Aad3p,363
Ycr108Cp,63
Rmd1p,430
Nhp10p,203
Mcd1p,566
Atp16p,160
Med2p,431
Ptc1p,281
Ydl007C-Ap,85
Rpt2p,437
Apc11p,165
Ydl009Cp,107
Grx6p,231
Ydl012Cp,107
Slx5p,619
Nop1p,327
Tsc13p,310
Cdc7p,507
Erp3p,225
Osh2p,1283
Rpn4p,531
Gpm2p,311
Ydl022C-Ap,82
Gpd1p,391
Dia3p,468
Rtk1p,620
Mrx9p,420
Mps1p,764
Arp2p,391
Prp9p,530
Dbp10p,995
Slm3p,417
Gpr1p,961
Pus9p,462
Bsc1p,328
Prm7p,698
Nat1p,854
Sir2p,562
Prp11p,266
Mtf2p,440
Fad1p,306
Mrp10p,95
Npc2p,173
Sit4p,311
Stp4p,490
Knh1p,268
Lhp1p,275
Slc1p,303
Pbp4p,185
Mch1p,486
Psa1p,361
Mbp1p,833
Ydl057Wp,328
Uso1p,1790
Rad59p,238
Tsr1p,788
Rps29Bp,56
Syo1p,620
Ubc9p,157
Pex19p,342
Idp1p,428
Cox9p,59
Cbs1p,229
Bdf2p,638
Yet3p,203
Ahk1p,984
Bre1p,700
Rpl31Ap,113
Rxt3p,294
Vam6p,1049
Mdh3p,343
Mrk1p,501
Thi3p,609
Rpp1Ap,106
Rpl13Ap,199
Rps16Bp,143
Sub2p,446
Ydl085C-Ap,68
Nde2p,545
Ydl086Wp,273
Luc7p,261
Asm4p,528
Nur1p,484
Ram1p,431
Ubx3p,455
Srp14p,146
Pmt5p,743
Pmt1p,817
Rpn6p,434
Snu23p,194
Bug1p,341
Get3p,354
Dun1p,513
Pol3p,1097
Qri1p,477
Qri7p,407
Nse4p,402
Pho2p,559
Mss2p,351
Kin28p,306
Ydl109Cp,647
Tma17p,150
Rrp42p,265
Trm3p,1436
Atg20p,640
Ydl114Wp,308
Iwr1p,353
Nup84p,726
Cyk3p,885
Hem25p,307
Yfh1p,174
Exp1p,149
Ubp1p,809
Sna4p,140
Ydl124Wp,312
Hnt1p,158
Cdc48p,835
Pcl2p,308
Vcx1p,411
Ydl129Wp,291
Rpp1Bp,106
Stf1p,86
Lys21p,440
Cdc53p,815
Rpl41Bp,25
Srf1p,437
Pph21p,369
Rdi1p,202
Rpl35Bp,120
Arf2p,181
Rgt2p,763
Scm3p,223
Rpo21p,1733
Bpl1p,690
Crd1p,283
Cct4p,528
Ydl144Cp,356
Cop1p,1201
Ldb17p,491
Rpn5p,445
Nop14p,810
Atg9p,997
Rpc53p,422
Sas10p,610
Msh5p,901
Clb3p,427
Cmr1p,522
Ydl157Cp,118
Ste7p,515
Ydl159W-Ap,43
Dhh1p,506
Mhf2p,80
Ent1p,454
Cdc9p,755
Cdc36p,191
Fap7p,197
Nrp1p,719
Sfa1p,386
Ugx2p,223
Uga3p,528
Glt1p,2145
Par32p,295
Dld1p,587
Air2p,344
Ydl176Wp,708
Ydl177Cp,170
Dld2p,530
Pcl9p,304
Ydl180Wp,547
Inh1p,85
Lys20p,428
Ydl183Cp,320
Rpl41Ap,25
Vma1p,1071
Ydl186Wp,277
Pph22p,377
Rbs1p,457
Ufd2p,961
Rpl35Ap,120
Arf1p,181
Nus1p,375
Snf3p,884
Sec31p,1273
Asf2p,525
Ggc1p,300
Ydl199Cp,687
Mgt1p,188
Trm8p,286
Mrpl11p,249
Ack1p,623
Rtn2p,393
Hem3p,327
Ydl206Wp,762
Gle1p,538
Nhp2p,156
Cwc2p,339
Uga4p,571
Ydl211Cp,372
Shr3p,210
Nop6p,225
Prr2p,699
Gdh2p,1092
Rri1p,440
Tim22p,207
Ydl218Wp,317
Dtd1p,150
Cdc13p,924
Fmp45p,309
Hbt1p,1046
Whi4p,649
Shs1p,551
Gcs1p,352
Hop,586
Ssb1p,613
Ptp1p,335
Bre4p,1125
Ost4p,36
Mfg1p,458
Gyp7p,746
Ypd1p,167
Pho13p,312
Aim6p,390
Gud1p,489
Ady3p,790
Lrg1p,1017
Ydl241Wp,123
Ydl242Wp,117
Aad4p,329
Thi13p,340
Hxt15p,567
Sor2p,357
Mph2p,609
Cos7p,383
Nth1p,751
Yrb1p,201
Rcr2p,210
Ydr003W-Ap,40
Rad57p,460
Maf1p,395
Sok1p,901
Trp1p,224
Gal3p,520
Ydr010Cp,110
Snq2p,1501
Rpl4Bp,362
Psf1p,208
Rad61p,647
Hed1p,162
Dad1p,94
Kcs1p,1050
Ydr018Cp,396
Gcv1p,400
Das2p,232
Fal1p,399
Atg31p,196
Ses1p,462
Rps11Ap,156
Nsi1p,570
Vps54p,889
Reg1p,1014
Ydr029Wp,104
Rad28p,506
Mix14p,121
Pst2p,198
Mrh1p,320
Lys14p,790
Ydr034C-Ap,58
Ydr034W-Bp,51
Aro3p,370
Ehd3p,500
Krs1p,591
Ena5p,1091
Ena2p,1091
Ena1p,1091
Rsm10p,203
Ydr042Cp,200
Nrg1p,231
Hem13p,328
Rpc11p,110
Bap3p,604
Hem12p,362
Vms1p,632
Tpi1p,248
Det1p,334
Dbf4p,704
Cdc34p,295
Pst1p,444
Emc10p,205
Yos9p,542
Tgl2p,326
Ubc5p,148
Mak21p,1025
Ydr061Wp,539
Lcb2p,561
Aim7p,149
Rps13p,151
Rrg1p,365
Rtr2p,196
Oca6p,224
Dos2p,310
Doa4p,926
Fmp16p,93
Paa1p,191
Ipt1p,527
Snf11p,169
Tps2p,896
Pph3p,308
Rad55p,406
Sed1p,338
Shu2p,223
Tfb5p,72
Pet100p,111
Vps41p,992
Pdc2p,925
Stn1p,494
Rrp8p,392
Tvp23p,199
Afr1p,620
Sss1p,80
Rrp1p,278
Slu7p,382
Vtc5p,869
Ilt1p,310
Rli1p,608
Ubc13p,153
Dnf2p,1612
Gis1p,894
Msh6p,1242
Grx3p,250
Bmh2p,273
Tvp15p,143
Arx1p,593
Ydr102Cp,110
Ste5p,917
Spo71p,1245
Tms1p,473
Arp10p,284
Tmn2p,672
Trs85p,698
Ydr109Cp,715
Fob1p,566
Alt2p,507
Pds1p,373
Ydr114Cp,100
Mrx14p,105
Mrpl1p,285
Tma64p,565
Apc4p,652
Vba4p,768
Cox26p,66
Trm1p,570
Dpb4p,196
Kin1p,1064
Ino2p,304
Ydr124Wp,324
Ecm18p,453
Swf1p,336
Aro1p,1588
Mtc5p,1148
Sac6p,642
Fin1p,291
Ydr131Cp,556
Mrx16p,495
Ycf1p,1515
Rgp1p,663
Hpr1p,752
Rub1p,77
Mtq2p,221
Dop1p,1698
Pex7p,375
San1p,610
Mkc7p,596
Taf12p,539
Swi5p,709
Eki1p,534
Kgd2p,463
Num1p,2748
Cth1p,325
Gir2p,265
Ent5p,411
Cpr1p,162
Rpa14p,137
Ydr157Wp,133
Hom2p,365
Sac3p,1301
Ssy1p,852
Acl4p,387
Nbp2p,236
Cwc15p,175
Sec1p,724
Trm82p,444
Sec5p,971
Taf10p,206
Cdc37p,506
Stb3p,513
Ydr169C-Ap,49
Sec7p,2009
Hsp42p,375
Sup35p,685
Arg82p,355
Hmo1p,246
Rsm24p,319
Ngg1p,702
Ubc1p,215
Sdh4p,181
Csn9p,162
Nvj3p,463
Scc2p,1493
Sas4p,481
Cdc1p,491
Ydr182W-Ap,67
Plp1p,230
Atc1p,294
Ups3p,179
Snd1p,877
Cct6p,546
Sly1p,666
Rvb1p,463
Hst4p,370
Nup42p,430
Mss116p,664
Ydr194W-Ap,50
Ref2p,533
Cab5p,241
Cbs2p,389
Rkm2p,479
Vps64p,604
Spc19p,165
Rav2p,351
Coq4p,335
Msc2p,724
Ebs1p,884
Ume6p,836
Mss4p,779
Ydr209Cp,137
Ydr210Wp,75
Gcd6p,712
Tcp1p,559
Upc2p,913
Aha1p,350
Ydr215Cp,137
Adr1p,1323
Rad9p,1309
Spr28p,423
Mfb1p,465
Gtb1p,702
Ydr222Wp,415
Crf1p,467
Htb1p,131
Hta1p,132
Adk1p,222
Sir4p,1358
Pcf11p,626
Ivy1p,453
Cox20p,205
Hem1p,548
Rtn1p,295
Lys4p,693
Prp42p,544
Fmn1p,218
Mrpl7p,292
Sec26p,973
Ydr239Cp,787
Snu56p,492
Amd2p,549
Prp28p,588
Pex5p,612
Mnn10p,393
Trs23p,219
Ydr246W-Ap,66
Vhs1p,461
Ydr248Cp,193
Ydr249Cp,373
Pam1p,830
Btt1p,149
Met32p,191
Chl4p,458
Rmd5p,421
Cta1p,515
Rkm4p,494
Hsp78p,811
Yap6p,383
Swm1p,170
Exg2p,562
Ydr262Wp,272
Din7p,430
Akr1p,764
Pex10p,337
Hel2p,639
Cia1p,330
Msw1p,379
Ccc2p,1004
Glo2p,274
Don1p,365
Ydr274Cp,123
Bsc2p,235
Pmp3p,55
Mth1p,433
Ydr278Cp,105
Rnh202p,350
Rrp45p,305
Phm6p,104
Mrx10p,414
Gcn2p,1659
Dpp1p,289
Zip1p,875
Mgp12p,114
Inm2p,292
Nse3p,303
Rtt103p,409
Hrq1p,1077
Srp101p,621
Ssd1p,1250
Dpl1p,589
Hda2p,674
Mhr1p,226
Sur2p,349
Atp5p,212
Bfr2p,534
Pro1p,428
Cft1p,1357
Gpi11p,219
Rsc3p,885
Cpr5p,225
Hnt2p,217
Pfu1p,478
Pmt7p,662
Srb7p,140
Gic2p,383
Sum1p,1062
Tfb1p,642
Ssf2p,453
Pib1p,286
Rad34p,692
Ipk1p,281
Oms1p,471
Him1p,414
Mcm21p,368
Yft2p,274
Swa2p,668
Dad4p,72
Asp1p,381
Tim11p,96
Mrpl35p,367
Pep7p,515
Utp4p,776
Ycg1p,1035
Ysp2p,1438
Skp1p,194
Pex3p,441
Ubx5p,500
Gpi8p,411
Irc3p,689
Rqc1p,723
Swr1p,1514
Msn5p,1224
Mrx8p,314
Mrps28p,286
Ydr338Cp,695
Fcf1p,189
Ydr341Cp,607
Hxt7p,570
Hxt6p,570
Ydr344Cp,147
Hxt3p,567
Svf1p,481
Mrp1p,321
Pal1p,499
Yps7p,596
Atp22p,684
Sbe2p,864
Ypq2p,317
Trr1p,319
Trp4p,380
Spc110p,944
Cnl1p,122
Gga1p,557
Eaf1p,982
Bcp1p,283
Tfc6p,672
Esc2p,456
Sem1p,89
Cdc40p,455
Esf1p,628
Ydr366Cp,132
Kei1p,221
Ypr1p,312
Xrs2p,854
Dxo1p,442
Cts2p,511
Vps74p,345
Frq1p,190
Pho92p,306
Wip1p,89
Bcs1p,456
Arh1p,493
Atp17p,101
Lsm6p,86
Sdh6p,79
Rga2p,1009
Aro10p,635
Coi1p,114
Yra1p,226
Rpp2Bp,110
Nkp1p,238
Ato3p,275
Eft2p,842
Mus81p,632
Cin10p,555
Rvs167p,482
Sac7p,654
Uba2p,636
Ydr391Cp,232
Spt3p,337
She9p,456
Rpt3p,428
Sxm1p,944
Ncb2p,146
Utp5p,643
Hpt1p,221
Urh1p,340
Dit2p,489
Dit1p,536
Rpb7p,171
Mrp20p,263
Pdr15p,1529
Trs120p,1289
Ade8p,214
Siz1p,904
Ste14p,239
Dfm1p,341
Rrp17p,235
Erd1p,362
Ydr415Cp,374
Syf1p,859
Rpl12Bp,165
Rad30p,632
Hkr1p,1802
Aro80p,950
Sip1p,815
Cad1p,409
Dyn2p,92
Snx41p,625
Rpn9p,393
Bna7p,261
Tif35p,274
Cym1p,989
Npl3p,414
Gpi17p,534
Ppm1p,328
Ppz2p,710
Gpi19p,140
Thi74p,370
Lrs4p,347
Dot1p,582
Apt2p,181
Ssn2p,1420
Ydr444Wp,687
Ecm11p,302
Rps17Bp,136
Ada2p,434
Utp6p,440
Rps18Ap,146
Yhp1p,353
Ppn1p,674
Tsa2p,196
Guk1p,187
Nhx1p,633
Tom1p,3268
Heh2p,663
Pfa5p,374
Tfb3p,321
Cmi8p,80
Mfa1p,36
Mrpl28p,147
Stp1p,519
Spp41p,1435
Rmt2p,412
Pkh3p,898
Tlg1p,224
Sdc1p,175
Ugo1p,502
Rpl27Bp,136
Trs31p,283
Prp3p,469
Jip4p,876
Ydr476Cp,224
Snf1p,633
Snm1p,198
Pex29p,554
Dig2p,323
Pho8p,566
Cwc21p,135
Kre2p,442
Vps52p,641
Vps72p,795
Vps60p,229
Rib3p,208
Pac11p,533
Sld5p,294
Pkh1p,766
Izh1p,316
Mzm1p,123
Rsm28p,361
Vps3p,1011
Puf6p,656
Itr1p,584
Sec20p,383
Lcd1p,747
Rpl37Bp,88
Plm2p,521
Sam2p,384
Lpp1p,274
Spg3p,127
Psp1p,841
Gmc1p,608
Gin4p,1142
Gnp1p,663
Smt3p,101
Sdh7p,133
Emi1p,187
Grx2p,143
Ydr514Cp,483
Slf1p,447
Emi2p,500
Grh1p,372
Eug1p,517
Fpr2p,135
Urc2p,772
Sps2p,502
Sps1p,490
Age1p,482
Ydr524C-Bp,66
Ydr524W-Cp,29
Api2p,109
Sna2p,79
Rba50p,439
Hlr1p,423
Qcr7p,127
Apa2p,325
Cab1p,367
Kre28p,385
Hsp31p,237
Fit1p,528
Stl1p,569
Pad1p,242
Fdc1p,503
Irc4p,179
Ydr541Cp,344
Pau10p,120
Yrf1-1p,1796
Irc22p,225
Wbp1p,430
Gim4p,111
Yea4p,342
Vab2p,282
Yea6p,335
Mit1p,666
Yel008Wp,126
Gcn4p,281
Yel009C-Ap,135
Glc3p,704
Ubc8p,218
Vac8p,578
Yel014Cp,101
Edc3p,551
Npp2p,493
Pmp2p,43
Gtt3p,337
Eaf5p,279
Mms21p,267
Pxp1p,560
Tim9p,87
Ura3p,267
Gea2p,1459
Yel023Cp,682
Rip1p,215
Yel025Cp,1188
Snu13p,126
Vma3p,160
Yel028Wp,153
Bud16p,312
Ecm10p,644
Spf1p,1215
Mcm3p,971
Mtc7p,139
Hyp2p,157
Utr5p,166
Anp1p,500
Rad23p,398
Utr4p,227
Cyc7p,113
Utr2p,467
Yef1p,495
Gda1p,518
Yel043Wp,956
Ies6p,166
Gly1p,387
Frd1p,470
Tca17p,152
Pau2p,120
Rml2p,393
Vma8p,256
Afg1p,509
Mak10p,733
Rpl12Ap,165
Pol5p,1022
Hat2p,401
Sdd1p,233
Pcm1p,557
Som1p,74
Prb1p,635
Cin8p,1000
Npr2p,615
Can1p,590
Avt2p,480
Sit1p,628
Hpa3p,179
Yel067Cp,195
Yel068Cp,110
Hxt13p,564
Dsf1p,502
Dld3p,496
Rmd6p,231
Yel073Cp,107
Yel075Cp,122
Yel076Cp,216
Yel076C-Ap,216
Yel077Cp,1277
Mnn1p,762
Nop16p,231
Pmi40p,429
Fmp52p,231
Ynd1p,630
Nug1p,520
Tma20p,181
Pac2p,518
Sec3p,1336
Ntf2p,125
Yer010Cp,234
Tir1p,254
Pre1p,198
Prp22p,1145
Bud25p,153
Hem14p,539
Faa2p,744
Bim1p,344
Afg3p,761
Spc25p,221
Sbh2p,88
Isc1p,477
Gpa2p,449
Rpn3p,523
Srb4p,687
Pro3p,286
Yat2p,923
Gcd11p,527
Cho1p,276
Gal83p,417
Mig3p,394
Smb1p,196
Chz1p,153
Ypt31p,223
Fir1p,876
Zrg8p,1076
Yer034Wp,185
Edc2p,145
Arb1p,610
Phm8p,321
Kre29p,464
Fmp49p,126
Hvg1p,249
Yer039C-Ap,72
Gln3p,730
Yen1p,759
Mxr1p,184
Sah1p,449
Erg28p,148
Mei4p,408
Aca1p,489
Spo73p,143
Sap1p,897
Caj1p,391
Isd11p,94
Tpa1p,644
Rsm18p,138
Jhd1p,492
Hom3p,527
Pic2p,300
Yer053C-Ap,37
Gip2p,548
His1p,297
Fcy2p,533
Rpl34Ap,121
Hmf1p,129
Pet117p,107
Pcl6p,420
Fcy21p,528
Fcy22p,530
Cem1p,442
Gpp2p,250
Tho1p,218
Vhr2p,505
Icl1p,557
Rrt13p,185
Rgi1p,161
Mot2p,587
"Arg5,6p",863
Rnr1p,888
Tda2p,126
Vtc1p,129
Ald5p,520
Rps24Ap,135
Yos1p,85
Ptp3p,928
Yer076Cp,302
Mrx1p,688
Icp55p,511
Yer078W-Ap,54
Yer079Wp,210
Aim9p,627
Ser3p,469
Utp7p,554
Get2p,285
Yer084Wp,128
Yer085Cp,173
Ilv1p,576
Sbh1p,82
Aim10p,576
Dot6p,670
Ptc2p,464
Trp2p,507
Met6p,767
Ies5p,125
Tsc11p,1430
Aim11p,137
Pup3p,205
Rad51p,400
Shc1p,512
Ubp9p,754
Prs2p,318
Ubc6p,250
Ast2p,430
Rps8Bp,200
Ssa4p,642
Rtt105p,208
Nup157p,1391
Mam1p,302
Gle2p,365
Kap123p,1113
Swi4p,1093
Lsm4p,187
Tmn3p,706
Boi2p,1040
Spr6p,191
Slx8p,274
Rpl23Bp,137
Sho1p,367
Avt6p,448
Scs2p,244
Yer121Wp,114
Glo3p,493
Yck3p,524
Dse1p,573
Rsp5p,809
Nsa2p,261
Lcp5p,357
Vfa1p,203
Sak1p,1142
Com2p,443
Rps26Bp,119
Pmd1p,1753
Glc7p,312
Yer134Cp,178
Yer135Cp,130
Gdi1p,451
Yer137Cp,148
Yer138W-Ap,34
Rtr1p,226
Emp65p,556
Cox15p,486
Mag1p,296
Ddi1p,428
Ubp5p,805
Ftr1p,404
Yer145C-Ap,145
Lsm5p,93
Scc4p,624
Spt15p,240
Pea2p,420
Spi1p,148
Ubp3p,912
Yer152Cp,443
Pet122p,254
Oxa1p,402
Bem2p,2167
Yer156Cp,338
Cog3p,801
Yer158Cp,573
Bur6p,142
Spt2p,333
Rad4p,754
Gcg1p,232
Chd1p,1468
Pab1p,577
Dnf1p,1571
Bck2p,851
Cca1p,546
Rph1p,796
Adk2p,225
Rad3p,778
Brr2p,2163
Rad24p,659
Grx4p,244
Tmt1p,299
Yer175W-Ap,54
Ecm32p,1121
Bmh1p,267
Pda1p,420
Dmc1p,334
Isc10p,267
Slo1p,85
Yer181Cp,107
Fmp10p,244
Fau1p,211
Tog1p,794
Pug1p,303
Yer186Cp,306
Yer187Wp,141
Yer188C-Ap,99
Yer188Wp,239
Yer189Wp,122
Yer190C-Bp,160
Yrf1-2p,1681
Deg1p,442
Spb4p,606
Msh4p,878
Vtc2p,828
Sec4p,215
Blm10p,2143
Smc1p,1225
Cdc4p,779
Wwm1p,211
Aua1p,94
Hxt10p,546
Yfl012Wp,148
Ies1p,692
Hsp12p,109
Yfl015Cp,164
Mdj1p,511
Gna1p,159
Smx2p,77
Lpd1p,499
Yfl019Cp,117
Pau5p,122
Gat1p,510
Frs2p,503
Bud27p,796
Epl1p,832
Bst1p,1029
Ste2p,431
Gyp8p,497
Caf16p,289
Cak1p,368
Agx1p,385
Hac1p,238
Rim15p,1770
Rpl22Bp,122
Mob2p,287
Mil1p,1073
Rpo41p,1351
Tub2p,457
Ypt1p,206
Act1p,375
Yfl040Wp,540
Fet5p,622
Yfl041W-Ap,63
Lam5p,674
Otu1p,301
Sec53p,254
Fmp32p,207
Rgd2p,714
Emp47p,445
Swp82p,623
Alr2p,858
Yfl051Cp,160
Znf1p,465
Dak2p,591
Aqy3p,646
Agp3p,558
Thi5p,340
Snz3p,298
Sno3p,222
Ddi2p,225
Cos4p,379
Yfl064Cp,174
Yfl065Cp,102
Yfl066Cp,392
Yfl067Wp,175
Yfl068Wp,160
Loc1p,204
Nic96p,839
Ypi1p,155
Rpn11p,306
Sad1p,448
Yfr006Wp,535
Yfh7p,353
Far7p,221
Gcn20p,752
Ubp6p,499
Mic19p,170
Dcv1p,202
Yfr012W-Ap,28
Ioc3p,787
Cmk1p,446
Gsy1p,708
Aip5p,1233
Igd1p,195
Yfr018Cp,363
Fab1p,2278
Css2p,232
Atg18p,500
Rog3p,733
Pes4p,611
Lsb3p,459
His2p,335
Uli1p,169
Eco1p,281
Cdc14p,551
Ptr3p,678
Met10p,1035
Smc2p,1170
Rpl2Ap,254
Rrt5p,289
Rpl29p,59
Min10p,87
Qcr6p,147
Pho4p,312
Yfr035Cp,114
Cdc26p,124
Rsc8p,557
Irc5p,853
Osw7p,510
Sap155p,1002
Erj5p,295
Keg1p,200
Irc6p,237
Dug1p,481
Yfr045Wp,309
Cnn1p,361
Bna6p,295
Rmd8p,662
Ymr31p,123
Pre4p,266
Ret2p,546
Rpn12p,274
Hxk1p,485
Yfr054Cp,192
Irc7p,340
Yfr057Wp,151
Erg26p,349
Erp6p,216
Cdh1p,566
Rpn14p,417
Cog7p,279
Pmc1p,1173
Ygl006W-Ap,36
Ygl007C-Ap,28
Brp1p,125
Pma1p,918
Leu1p,779
Mpo1p,174
Scl1p,252
Erg4p,473
Pdr1p,1068
Puf4p,888
Ygl015Cp,130
Kap122p,1081
Ate1p,503
Jac1p,184
Ckb1p,278
Get1p,235
Alk1p,760
Stt3p,718
Pib2p,635
Pgd1p,397
Trp5p,707
Cwh41p,833
Scw11p,542
Cgr1p,120
Rpl30p,105
Rpl24Ap,155
Aga2p,87
Hop2p,214
Ygl034Cp,121
Mig1p,504
Ygl036Wp,909
Pnc1p,216
Och1p,480
Ygl039Wp,348
Hem2p,342
Ygl041C-Bp,60
Dpc13p,154
Dst1p,309
Rna15p,296
Rim8p,542
Alg13p,202
Rpt6p,405
Tif4632p,914
Tyw3p,273
Mst27p,234
Prm8p,237
Erv14p,138
Ole1p,510
Sds23p,527
Gep7p,287
Rad6p,172
Pkp2p,491
Ybp2p,641
Duo1p,247
Pyc1p,1178
Pus2p,370
Mrh4p,561
Alg2p,503
Sgf73p,657
Npy1p,384
Mnp1p,194
Rpb9p,122
Aft1p,690
Hsf1p,833
Mps2p,387
Rpl7Ap,244
Hnm1p,563
Dbp3p,523
Kxd1p,218
Mpc1p,130
Ygl081Wp,320
Ygl082Wp,381
Scy1p,804
Gup1p,560
Lcl3p,274
Mad1p,749
Mms2p,137
Ygl088Wp,121
Mf(Alpha)2p,120
Lif1p,421
Nbp35p,328
Nup145p,1317
Spc105p,917
Pan2p,1115
Vps45p,577
Tos8p,276
Srm1p,482
Use1p,245
Lsg1p,640
Seh1p,349
Ygk1p,215
Rpl28p,149
Vps73p,486
Arc1p,376
Mlc1p,149
Rmd9p,646
Ygl108Cp,140
Cue3p,624
Nsa1p,463
Taf6p,516
Sld3p,668
Ygl114Wp,725
Snf4p,322
Cdc20p,610
Ygl117Wp,265
Ygl118Cp,145
Coq8p,501
Prp43p,767
Gpg1p,126
Nab2p,525
Rps2p,254
Mon1p,644
Met13p,600
Scs3p,380
Soh1p,127
Cwc23p,283
Rsm23p,450
Ceg1p,459
Snt2p,1403
Itc1p,1264
Pcl10p,433
Rpl1Bp,217
Mrm2p,320
Sec27p,889
Ygl138Cp,345
Flc3p,802
Ygl140Cp,1219
Hul5p,910
Gpi10p,616
Mrf1p,413
Rog1p,685
Tip20p,701
Rrt6p,311
Rpl9Ap,191
Aro2p,376
Ygl149Wp,101
Ino80p,1489
Nut1p,1132
Pex14p,341
Lys5p,272
Cdc43p,376
Ams1p,1083
Ari1p,347
Rck1p,512
Ygl159Wp,370
Aim14p,570
Yip5p,310
Sut1p,299
Rad54p,898
Yrb30p,440
Cup2p,225
Pmr1p,950
Hur1p,110
Sua5p,426
Spo74p,413
Rok1p,564
Nup49p,472
Xrn1p,1528
Bud13p,266
Sae2p,345
Ygl176Cp,554
Mpt5p,859
Tos3p,560
Atg1p,897
Gts1p,396
Mnd1p,219
Str3p,465
Ygl185Cp,379
Tpn1p,579
Cox4p,155
Ygl188C-Ap,46
Rps26Ap,119
Cdc55p,526
Cox13p,129
Ime4p,600
Ygl193Cp,103
Hos2p,452
Ygl194C-Ap,80
Gcn1p,2672
Dsd1p,428
Mds3p,1487
Yip4p,235
Emp24p,203
Mcm6p,1017
Aro8p,500
Kex1p,729
Ygl204Cp,101
Pox1p,748
Chc1p,1653
Spt16p,1035
Sip2p,415
Mig2p,382
Ypt32p,222
Ncs6p,359
Vam7p,316
Ski8p,397
Clg1p,452
Kip3p,805
Mdm34p,459
Bol2p,120
Nif3p,288
Edc1p,175
Cog1p,417
Sdt1p,280
Vrg4p,337
Ost5p,86
Mtc3p,123
Vid30p,958
She10p,577
Sap4p,818
Ygl230Cp,147
Emc4p,190
Tan1p,289
Sec15p,910
"Ade5,7p",802
Ygl235Wp,178
Mto1p,669
Hap2p,265
Cse1p,960
Doc1p,250
Kap114p,1004
Ygl242Cp,181
Tad1p,400
Rtf1p,558
Gus1p,708
Rai1p,387
Brr6p,197
Pde1p,369
Zip2p,704
Rmr1p,241
Hfm1p,1187
Rtg2p,588
Hxk2p,486
Fzf1p,299
Zrt1p,376
Adh4p,382
Mnt2p,558
Vel1p,206
Ygl258W-Ap,77
Yps5p,165
Ygl260Wp,76
Pau11p,120
Ygl262Wp,175
Cos12p,380
Efm5p,248
Swc4p,476
Cul3p,744
Pex31p,462
Tfg2p,400
Prp18p,251
Ect1p,323
Stf2p,84
Sec9p,651
Nma2p,395
Mcy1p,393
Snu71p,620
Msb2p,1306
Eat1p,328
Ygr016Wp,190
Ygr017Wp,297
Ygr018Cp,109
Uga1p,471
Vma7p,118
Dpc29p,290
Mtl1p,551
Thg1p,237
Ygr025Wp,100
Ygr026Wp,278
Rps25Ap,108
Msp1p,362
Erv1p,189
Pop6p,158
Nag1p,163
Imo32p,342
Gsc2p,1895
Tim21p,239
Rpl26Bp,127
Ygr035Cp,116
Ygr035W-Ap,73
Cax4p,239
Acb1p,87
Orm1p,222
Ygr039Wp,103
Kss1p,368
Bud9p,547
Mte1p,271
Nqm1p,333
Rme1p,300
Ygr045Cp,120
Tam41p,385
Tfc4p,1025
Ufd1p,361
Scm4p,187
Ygr050Cp,118
Fmp48p,369
Mco32p,283
Ygr054Wp,642
Mup1p,574
Rsc1p,928
Lst7p,242
Pef1p,335
Spr3p,512
Erg25p,309
Ade6p,1358
Cox18p,316
Spt4p,102
Vht1p,593
Gid10p,292
Ygr067Cp,804
Art5p,586
Rom1p,1155
Env11p,860
Upf3p,387
Smd1p,146
Prp38p,242
Mrpl25p,157
Pex8p,589
Pac10p,199
Ygr079Wp,370
Twf1p,332
Slx9p,210
Tom20p,183
Gcd2p,651
Mrp13p,339
Rpl11Bp,174
Pil1p,339
Pdc6p,563
Ctt1p,562
Nnf2p,936
Utp22p,1237
Prp31p,494
Dbf2p,572
Drn1p,507
Vas1p,1104
Rrp46p,223
Tpc1p,314
Ask10p,1146
Esp1p,1630
Tel2p,688
Mdr1p,950
Pcp1p,346
Gtf1p,183
Nop7p,605
Srb5p,307
Vma21p,77
Voa1p,265
Clb1p,471
Clb6p,380
Cld1p,445
Ygr111Wp,400
Shy1p,389
Dam1p,343
Spt6p,1451
Ygr117Cp,476
Rps23Ap,145
Nup57p,541
Cog2p,262
Mep1p,492
Ygr121W-Ap,71
Ygr122Wp,402
Ppt1p,513
Asn2p,572
Ygr125Wp,1036
Ygr126Wp,230
Ygr127Wp,312
Utp8p,713
Syf2p,215
Ygr130Cp,816
Fhn1p,174
Phb1p,287
Pex4p,183
Caf130p,1122
Pre9p,258
Lsb1p,241
Tpo2p,614
Cbf2p,956
Vps62p,467
Btn2p,410
Skn1p,771
Thi4p,326
Enp2p,707
Ecl1p,211
Ygr146C-Ap,53
Nat2p,288
Rpl24Bp,155
Gpc1p,432
Ccm1p,864
Rsr1p,272
Ygr153Wp,217
Gto1p,356
Cys4p,507
Pti1p,425
Cho2p,869
Mtr3p,250
Nsr1p,414
Rts3p,263
Ygr161W-Cp,92
Tif4631p,952
Gtr2p,341
Ygr164Wp,111
Mrps35p,345
Trs65p,560
Clc1p,233
Pex35p,376
Pus6p,404
Lso2p,92
Psd2p,1138
Msm1p,575
Yip1p,248
Rbg2p,368
Cbp4p,170
Ygr174W-Ap,28
Erg1p,496
Atf2p,535
Pbp1p,722
Okp1p,406
Rnr4p,345
Tim13p,105
Qcr9p,66
Ubr1p,1950
Tys1p,394
Tfg1p,735
Hgh1p,394
Bub1p,1021
Crh1p,507
Hip1p,603
Tdh3p,332
Pdx1p,410
Xks1p,600
Ski6p,246
Fyv8p,817
Sng1p,547
Ypp1p,817
Pmt6p,759
Elp2p,788
Ygr201Cp,225
Pct1p,424
Ych1p,148
Ygr204C-Ap,37
Ade3p,946
Tda10p,290
Mvb12p,101
Cir1p,261
Ser2p,309
Trx2p,104
Ygr210Cp,411
Zpr1p,486
Sli1p,468
Rta1p,317
Rps0Ap,252
Rsm27p,110
Gpi1p,609
Cch1p,2039
Crm1p,1084
Mrpl9p,269
Tos2p,622
Pet54p,293
Hsv2p,448
Azr1p,613
Ama1p,593
Die2p,525
Smi1p,505
Bns1p,137
Phb2p,310
Nas6p,228
Pho81p,1178
Yhb1p,399
Mic26p,233
Spg1p,95
Ygr237Cp,785
Kel2p,882
Pex21p,288
Pfk1p,987
Ygr240C-Ap,66
Yap1802p,568
Mpc3p,146
Lsc2p,427
Sda1p,767
Brf1p,596
Cpd1p,239
Sol4p,255
Mga1p,456
Rie1p,781
Nop19p,196
Gcn5p,439
Pup2p,260
Eno1p,437
Coq6p,479
Gnd2p,492
Mtm1p,366
Rad2p,1031
Tna1p,534
Apl6p,809
Bud32p,261
Say1p,424
Mes1p,751
Ygr266Wp,701
Fol2p,243
Hua1p,198
Yta7p,1379
Efg1p,233
Slh1p,1967
Ygr273Cp,174
Taf1p,1066
Rtt102p,157
Rnh70p,553
Cab4p,305
Cwc22p,577
Scw4p,386
Pxr1p,271
Yor1p,1477
Bgl2p,313
Ygr283Cp,341
Erv29p,310
Zuo1p,433
Bio2p,375
Ima1p,589
Mal13p,473
Mal11p,616
Mal12p,584
Pau12p,120
Cos6p,381
Yrf1-3p,1859
Rpl14Bp,138
Hse1p,452
Lag1p,411
Mrp4p,394
Yhl005Cp,130
Shu1p,150
Ste20p,939
Yhl008Cp,627
Yap3p,330
Etp1p,585
Prs3p,320
Yhl012Wp,493
Otu2p,307
Ylf2p,405
Rps20p,121
Yhl015W-Ap,27
Dur3p,735
Yhl017Wp,532
Mco14p,120
Apm2p,605
Opi1p,404
Aim17p,465
Spo11p,398
Npr3p,1146
Rim4p,713
Snf6p,332
Yhl026Cp,315
Rim101p,625
Wsc4p,605
Oca5p,679
Ecm29p,1868
Gos1p,223
Gut1p,709
Rpl8Ap,256
Sbp1p,294
Vmr1p,1592
Mup3p,546
Yhl037Cp,133
Cbp2p,630
Efm1p,585
Arn1p,627
Yhl041Wp,149
Yhl042Wp,150
Ecm34p,170
Yhl044Wp,235
Pau13p,120
Arn2p,620
Yhl048C-Ap,44
Cos8p,381
Yhl049Cp,271
Yhl050Cp,697
Osh7p,437
Qcr10p,77
Leu5p,357
Tcd1p,429
Nem1p,446
Gpa1p,472
Tim10p,93
Stp2p,541
Erg11p,530
Yhr007C-Ap,71
Sod2p,233
Tda3p,523
Rpl27Ap,136
Dia4p,446
Vps29p,282
Ard1p,238
Spo13p,291
Mip6p,659
Ysc84p,468
Ysc83p,385
Arg4p,463
Ded81p,554
Yhr020Wp,688
Rps27Bp,82
Ecm12p,151
Yhr022Cp,256
Yhr022C-Ap,29
Myo1p,1928
Mas2p,482
Thr1p,357
Vma16p,213
Rpn1p,993
Dap2p,818
Yhi9p,294
Slt2p,484
Rrm3p,723
Erc1p,581
Yhr033Wp,423
Pih1p,344
Nel1p,630
Brl1p,471
Put2p,575
Rrf1p,230
Msc7p,644
Vma10p,114
Bcd1p,366
Srb2p,210
Ncp1p,691
Dog2p,246
Dog1p,246
Yhr045Wp,560
Inm1p,295
Aap1p,856
Yhk8p,514
Fsh1p,243
Smf2p,549
Yhr050W-Ap,56
Cox6p,148
Cic1p,376
Cup1-1p,61
Yhr054Cp,354
Cup1-2p,61
Rsc30p,883
Cpr2p,205
Med6p,295
Fyv4p,130
Vma22p,181
Gic1p,314
Rpp1p,293
Pan5p,379
Ssz1p,538
Rrp3p,501
Ssf1p,453
Htd2p,280
Dys1p,387
Rrp4p,359
Trm5p,499
Pcl5p,229
Erg7p,731
Nop10p,58
Osh3p,996
Qns1p,714
Ppe1p,400
Ptc7p,343
Nmd2p,1089
Yhr078Wp,552
Ire1p,1115
Sae3p,91
Lam4p,1345
Lrp1p,184
Ksp1p,1029
Sam35p,329
Ste12p,688
Ipi1p,334
Nam8p,523
Yhr086W-Ap,53
Rtc3p,111
Rpf1p,295
Gar1p,205
Yng2p,282
Msr1p,643
Hxt4p,576
Aht1p,182
Hxt1p,570
Hxt5p,592
Pal2p,366
Sfb3p,929
Tra1p,3744
Gep4p,185
Big1p,335
Kic1p,1080
Sbe22p,852
Gre3p,327
Ypt35p,214
Trr2p,342
Cdc12p,407
Gga2p,585
Ctm1p,585
Erp5p,212
Uba4p,440
Yhr112Cp,378
Ape4p,490
Bzz1p,633
Dma1p,416
Cox23p,151
Tom71p,639
Orc6p,435
Set1p,1080
Msh1p,959
Lsm12p,187
Cia2p,231
Ept1p,391
Ndt80p,627
Yhr125Wp,101
Ans1p,159
Yhr127Wp,243
Fur1p,216
Arp1p,384
Yhr130Cp,111
Yhr131Cp,850
Ecm14p,430
Igo2p,131
Nsg1p,291
Wss1p,269
Yck1p,538
Spl2p,148
Aro9p,513
Yhr138Cp,114
Sps100p,326
Yhr139C-Ap,103
Yhr140Wp,239
Rpl42Bp,106
Chs7p,316
Dse2p,325
Rpc10p,70
Dcd1p,312
Crp1p,465
Mrpl6p,214
Imp3p,183
Skg6p,734
Pex28p,579
Mtc6p,526
Spo12p,173
Spo16p,198
Rtt107p,1070
Lam1p,1228
Lin1p,340
Rec104p,182
Kel1p,1164
Tda11p,504
Pex18p,283
Yap1801p,637
Mpc2p,129
Sol3p,249
Dna2p,1522
Prp8p,2413
Cdc23p,626
Thp2p,261
Mtg2p,518
Dbp8p,431
Nmd3p,518
Atg7p,630
Spc97p,823
Yhr173Cp,112
Eno2p,437
Ctr2p,189
Yhr175W-Ap,49
Fmo1p,432
Rof1p,453
Stb5p,743
Oye2p,400
Yhr180Wp,163
Svp26p,228
Yhr182Wp,785
Gnd1p,489
Ssp1p,571
Pfs1p,237
Kog1p,1557
Iki1p,309
Gpi16p,610
Pth1p,190
Erg9p,444
Ctf8p,133
Lnp1p,278
Egd2p,174
Mdm31p,579
Nvj1p,321
Utp9p,575
Rix1p,763
Aim18p,321
Aim46p,310
Nbl1p,73
Rpn10p,268
Ppx1p,397
Yhr202Wp,602
Rps4Bp,261
Mnl1p,796
Sch9p,824
Skn7p,622
Set5p,526
Bat1p,393
Crg1p,291
Yhr210Cp,341
Flo5p,1075
Yhr212W-Ap,67
Yhr213Wp,198
Yhr213W-Ap,77
Yhr213W-Bp,99
Yhr214C-Dp,97
Yhr214C-Ep,99
Yhr214Wp,203
Pho12p,467
Imd2p,523
Yhr218Wp,603
Yhr219Wp,624
Yil001Wp,513
Inp51p,946
Cmi7p,69
Cfd1p,293
Bet1p,142
Eps1p,701
Yia6p,373
Nas2p,220
Urm1p,99
Est3p,181
Faa3p,694
Dot5p,215
Tir3p,269
Yil012Wp,113
Pdr11p,1411
Yil014C-Ap,104
Mnt3p,630
Bar1p,587
Snl1p,159
Vid28p,921
Rpl2Bp,254
Faf1p,346
His6p,261
Rpb3p,318
Tim44p,431
Yke4p,346
Yil024Cp,189
Irr1p,1150
Emc5p,141
Ema17p,142
Ssm4p,1319
Ulp2p,1034
Bcy1p,416
Cap2p,287
Cka1p,372
Cst6p,587
Prm2p,656
Not3p,836
Ted1p,473
Apq12p,138
Gvp36p,326
Pkp1p,394
Cbr1p,284
Age2p,298
Pig2p,538
Met30p,640
Yil046W-Ap,54
Syg1p,902
Neo1p,1151
Dfg10p,253
Pcl7p,285
Mmf1p,145
Rpl34Bp,121
Gpp1p,250
Yil054Wp,105
Yil055Cp,627
Vhr1p,640
Rgi2p,164
Yil060Wp,144
Snp1p,300
Arc15p,154
Yrb2p,327
Efm4p,257
Fis1p,155
Rnr3p,869
Yil067Cp,678
Sec6p,805
Rps24Bp,135
Mam33p,266
Pci8p,444
Hop1p,605
Spo22p,975
Ser33p,469
Rpn2p,945
Sec28p,296
Rci37p,320
Ths1p,734
Air1p,360
Cab2p,365
Sds3p,327
Ktr7p,517
Yil086Cp,102
Aim19p,157
Avt7p,490
Yil089Wp,205
Ice2p,491
Utp25p,721
Yil092Wp,633
Rsm25p,264
Lys12p,371
Prk1p,810
Bmt5p,336
Fyv10p,516
Fmc1p,155
Sga1p,549
Xbp1p,647
Yil102Cp,101
Yil102C-Ap,75
Dph1p,425
Shq1p,507
Slm1p,686
Yil105W-Ap,46
Mob1p,314
Pfk26p,827
Yil108Wp,696
Sec24p,926
Hpm1p,377
Cox5Bp,151
Hos4p,1083
Sdp1p,209
Por2p,281
Nup159p,1460
His5p,385
Prm5p,318
Rho3p,231
Rpi1p,407
Qdr1p,563
Qdr2p,542
Pog1p,351
Sim1p,476
Ayr1p,297
Kgd1p,1014
Sth1p,1359
Rrt14p,206
Met18p,1032
Tao3p,2376
Asg1p,964
Fkh1p,484
Csm2p,213
Rpl16Ap,199
Yil134C-Ap,67
Flx1p,311
Vhs2p,436
Om45p,393
Tma108p,946
Tpm2p,161
Rev7p,245
Axl2p,823
Cct2p,527
Ssl2p,843
Ndc80p,691
Pan6p,309
Atg32p,529
Sln1p,1220
Rpl40Ap,128
Mlp2p,1679
Mcm10p,571
Esl1p,1118
Yil152Wp,235
Rrd1p,393
Imp2'p,346
Gut2p,649
Ubp7p,1071
Mco8p,73
Coa1p,197
Aim20p,204
Bnr1p,1375
Pot1p,417
Yil161Wp,235
Suc2p,532
Yil163Cp,117
Nit1p,199
Yil165Cp,119
Soa1p,542
Css1p,995
Ima3p,589
Vth1p,1549
Pau14p,120
Yil177Cp,1758
Sgn1p,250
Mph1p,993
Aim21p,679
Djp1p,432
Ist3p,148
Pan1p,1480
Egh1p,764
Pri1p,409
Msl1p,111
Dsn1p,576
Sts1p,319
Sqt1p,431
Gat4p,121
Vld1p,242
Rpr2p,144
Yir016Wp,265
Met28p,187
Yir018C-Ap,45
Yap5p,245
Flo11p,1367
Yir020Cp,100
Mrs1p,363
Yir021W-Ap,70
Sec11p,167
Dal81p,970
Ina22p,216
Mnd2p,368
Yvh1p,364
Dal1p,460
Dal4p,635
Dal2p,343
Dcg1p,244
Dal7p,554
Dal3p,195
Mga2p,1113
Lys1p,373
Nre1p,254
Irc24p,263
Hyr1p,163
Gtt1p,234
Yps6p,537
Pau15p,124
Yir042Cp,236
Pre3p,215
Ost1p,476
Cox16p,118
Sys1p,203
Cyr1p,2026
Ctk2p,323
Yjl007Cp,104
Cct8p,568
Nop9p,666
Rpc17p,161
Vtc4p,721
Mad3p,515
Cct3p,534
Tph3p,561
Mps3p,682
Bbc1p,1157
Pet130p,347
Aps3p,194
Rrn7p,514
Rnr2p,399
Yjl027Cp,138
Yjl028Wp,111
Vps53p,822
Mad2p,196
Bet4p,327
Hca4p,770
Kar2p,682
Tad2p,250
Snx4p,423
Irc18p,224
Loh1p,219
Nup192p,1683
Nsp1p,823
Mhp1p,1398
Yjl043Wp,257
Gyp6p,458
Yjl045Wp,634
Aim22p,409
Rtt101p,842
Yjl047C-Ap,44
Ubx6p,396
Chm7p,450
Mtr4p,1073
Irc8p,822
Yjl052C-Ap,39
Tdh1p,332
Pep8p,379
Tim54p,478
Log1p,245
Zap1p,880
Iks1p,667
Bit61p,543
Yhc3p,408
Bna3p,444
Nup82p,713
Las21p,830
Coa3p,85
Mrpl8p,238
Dls1p,167
Mpm1p,252
Yjl068Cp,299
Utp18p,594
Yjl070Cp,888
Arg2p,574
Psf2p,213
Jem1p,645
Smc3p,1230
Net1p,1189
Ics3p,131
Yjl077W-Ap,28
Yjl077W-Bp,32
Pry3p,881
Pry1p,299
Scp160p,1222
Arp4p,489
Iml2p,731
Tax4p,604
Aly2p,1046
Exo70p,623
Trl1p,827
Arg3p,338
Sip4p,829
Dpb11p,764
Gwt1p,490
Srs2p,1174
Tok1p,691
Kha1p,873
Bck1p,1478
Mrpl49p,161
Phs1p,217
Sap185p,1058
Chs6p,746
Lsb6p,607
Gsh1p,678
Mef2p,819
Gsm1p,618
Pam16p,149
Set4p,560
Ime2p,645
Yjl107Cp,387
Prm10p,383
Utp10p,1769
Gzf3p,551
Cct7p,550
Mdv1p,714
Asf1p,279
Nca3p,337
Pho86p,311
Yjl118Wp,219
Rpe1p,238
Alb1p,175
Mtc1p,478
Lsm1p,172
Gcd14p,383
Nit2p,307
Spt10p,640
Mco6p,52
Pbs2p,668
Trk1p,1235
Ura2p,2214
Aim23p,356
Yjl132Wp,750
Dpi8p,74
Mrs3p,314
Lcb3p,409
Rps21Bp,87
Yjl136W-Ap,27
Glg2p,380
Tif2p,395
Yur1p,428
Rpb4p,221
Yak1p,807
Tim17p,158
Roq1p,104
Sfh5p,294
Ids2p,469
Smt1p,382
Rpa34p,233
Das1p,663
Sna3p,133
Ino1p,533
Vps35p,944
Fbp26p,452
Ssy5p,699
Far1p,830
Cis3p,227
Hsp150p,413
Pir5p,287
Fmp33p,180
Jjj2p,583
Yjl163Cp,555
Tpk1p,397
Hal5p,855
Qcr8p,94
Erg20p,352
Set2p,733
Asg7p,209
Toh1p,396
Cps1p,576
Rfa3p,122
Kre9p,276
Swi3p,825
Rpl17Bp,184
Atg27p,271
Pfd1p,109
Atp12p,325
Rbh1p,611
Mnn11p,422
Gon7p,123
Atg36p,293
Mnn5p,586
Swe1p,819
Rpl39p,51
Rps22Ap,130
Rps14Bp,138
Sop4p,234
Yjl193Wp,402
Cdc6p,513
Elo1p,310
Ubp12p,1254
Pho90p,881
Mbb1p,108
Aco2p,789
Ecm25p,599
Prp21p,280
Rcy1p,840
Nce101p,53
Yjl206Cp,758
Laa1p,2014
Nuc1p,329
Cbp1p,654
Pex2p,271
Opt1p,799
Yjl213Wp,331
Hxt8p,569
Ima5p,581
Ree1p,198
Yjl218Wp,196
Hxt9p,567
Ima4p,589
Vth2p,1549
Pau1p,120
Yjl225Cp,1758
Avt1p,602
Mpp10p,593
Mrx12p,519
Sag1p,650
Lso1p,93
Apl1p,700
Pol31p,487
Sui2p,304
Mho1p,338
Tdh2p,332
Spc1p,94
Met3p,511
Yjr011Cp,261
Yjr012Cp,207
Gpi14p,403
Tma22p,198
Yjr015Wp,510
Ilv3p,585
Ess1p,170
Tes1p,349
Rec107p,314
Lsm8p,109
Mde1p,244
Bna1p,177
Rbh2p,745
Gea1p,1408
Cpr7p,393
Rav1p,1357
Pet191p,108
Rad26p,1085
Hul4p,892
Mlo127p,1121
Gef1p,779
Urb2p,1174
Nup85p,744
Pol32p,350
Vps55p,140
Ssc1p,654
Tah11p,604
Anb1p,157
Cyc1p,109
Utr1p,530
Isy1p,235
Osm1p,501
Rad7p,565
Bfa1p,574
Kch1p,497
Hit1p,164
Yjr056Cp,236
Cdc8p,216
Aps2p,147
Ptk2p,818
Cbf1p,351
Mnn14p,935
Nta1p,457
Rpa12p,125
Cct5p,562
Arp3p,449
Tor1p,2470
Yae1p,141
Rfc2p,353
Ham1p,197
Lia1p,325
Npa3p,385
Opi3p,206
Mog1p,218
Hoc1p,396
Cdc11p,415
Mir1p,311
Bna2p,453
Yjr079Wp,109
Aim24p,394
Eaf6p,113
Acf4p,309
Yjr084Wp,423
Tmh11p,105
Ste18p,110
Emc2p,292
Bir1p,954
Grr1p,1151
Jsn1p,1091
Bud4p,1447
Fip1p,327
Ime1p,360
Rpl43Bp,92
Sfc1p,322
Yjr096Wp,282
Jjj3p,172
Yjr098Cp,656
Yuh1p,236
Aim25p,327
Rsm26p,266
Vps25p,202
Ura8p,578
Sod1p,154
Ado1p,340
Ecm27p,725
Lih1p,328
Abm1p,123
Cpa2p,1118
Ymr1p,688
Pxp2p,283
Nnf1p,201
Yjr112W-Ap,109
Rsm7p,247
Yjr115Wp,169
Tda4p,279
Ste24p,453
Ilm1p,203
Jhd2p,728
Yjr120Wp,116
Atp2p,511
Iba57p,497
Rps5p,225
Yjr124Cp,448
Ent3p,408
Vps70p,811
Rsf2p,1380
Yjr128Wp,119
Efm3p,339
Str2p,639
Mns1p,549
Nmd5p,1048
Xpt1p,209
Sgm1p,707
Mcm22p,239
Tim8p,87
Tti2p,421
Met5p,1442
Iml1p,1584
Hom6p,359
Hir3p,1648
Ipa1p,347
Yjr142Wp,342
Pmt4p,762
Mgm101p,269
Rps4Ap,261
Yjr146Wp,117
Hms2p,358
Bat2p,376
Yjr149Wp,404
Dan1p,298
Dan4p,1161
Yjr151W-Ap,16
Dal5p,543
Pgu1p,361
Yjr154Wp,346
Aad10p,288
Thi11p,340
Hxt16p,567
Sor1p,357
Mph3p,602
Cos5p,383
Met14p,202
Did4p,232
Mrp17p,131
Aur1p,401
Bye1p,594
Sft1p,97
Rpl14Ap,138
Cap1p,268
Lac1p,418
Mrt4p,236
Ufd4p,1483
Cce1p,353
Prp40p,583
Arc19p,171
Urb1p,1764
Put3p,979
Atp7p,174
Hcs1p,683
Mco12p,99
Swd2p,329
Ram2p,316
Spt23p,1082
Mak11p,468
Cdc16p,840
Min9p,75
Ska1p,277
Ura6p,204
Pan3p,679
Gpx1p,167
Tcd2p,447
Tfa1p,482
Mae1p,669
Ixr1p,597
Tti1p,1038
Ykl033W-Ap,236
Tul1p,758
Ugp1p,499
Aim26p,118
Rgt1p,1170
Ptm1p,523
Nfu1p,256
Vps24p,224
Spc42p,363
Phd1p,366
Mmo1p,106
Pri2p,528
Dcw1p,449
Anr2p,516
Elm1p,640
Cse4p,229
Ykl050Cp,922
Sfk1p,353
Ask1p,292
Mdm35p,86
Def1p,738
Oar1p,278
Tma19p,167
Nup120p,1037
Toa2p,122
Mpe1p,441
Fba1p,359
Bli1p,113
Msn4p,630
Ykl063Cp,167
Mnr2p,969
Yet1p,206
Dpc7p,73
Ynk1p,153
Nup100p,959
Ykl068W-Ap,78
Ykl069Wp,180
Ykl070Wp,169
Ykl071Wp,256
Stb6p,766
Lhs1p,881
Mud2p,527
Ykl075Cp,450
Psg1p,392
Dhr2p,735
Smy1p,656
Vma5p,392
Tef4p,412
Rrp14p,434
Hot13p,116
Mdh1p,334
Srx1p,127
Cyt2p,224
Cab3p,571
Mif2p,549
Cue2p,443
Ykl091Cp,310
Bud2p,1104
Mbr1p,339
Yju3p,313
Yju2p,278
Ykl096C-Bp,49
Cwp1p,239
Cwp2p,92
Ykl097Cp,136
Mtc2p,357
Utp11p,250
Ypf1p,587
Hsl1p,1518
Ykl102Cp,101
Ape1p,514
Gfa1p,717
Seg2p,1132
Ykl106C-Ap,39
Aat1p,451
Ykl107Wp,309
Sld2p,453
Hap4p,554
Kti12p,313
Abf1p,731
Rad27p,382
Apn1p,367
Prr1p,518
Sba1p,216
Vph2p,215
Oac1p,324
Dgr2p,852
Srp21p,167
Ssh4p,579
Rrn3p,627
Ypk1p,680
Pgm1p,570
Pmu1p,295
Myo3p,1272
She2p,246
Rma1p,430
Rci50p,463
Oct1p,772
Apl2p,726
Cmc1p,111
Mrpl31p,131
Hsk3p,69
Ctk1p,528
Tgl1p,548
Sdh3p,198
Mrp8p,219
Ltv1p,463
Rpc25p,212
Rpt1p,467
Avt3p,692
Sdh1p,640
Dbr1p,405
Mcr1p,302
Nnr2p,337
Gpm1p,247
Srp102p,244
Rsm22p,628
Rps27Ap,82
Ape2p,952
Rcn1p,211
Elf1p,145
Kdx1p,433
Ykl162Cp,402
Pir3p,325
Pir1p,341
Mcd4p,919
Tpk3p,398
Mrp49p,137
Kkq8p,724
Mrpl38p,138
Nnk1p,928
Ebp2p,427
Snu114p,1008
Tpo5p,618
Zrt3p,503
Lst4p,828
Ste3p,470
Coy1p,679
Rpl17Ap,184
Prs1p,427
Fas1p,2051
Ykl183C-Ap,70
Lot5p,306
Spe1p,466
Ash1p,588
Mtr2p,184
Fat3p,750
Pxa2p,853
Hym1p,399
Cnb1p,175
Dph2p,534
Acp1p,125
Sds22p,338
Mst1p,462
Mia40p,403
Ykt6p,200
Pex1p,1043
Ptk1p,662
Mnn4p,1178
Tor2p,2474
Eap1p,632
Los1p,1100
Add66p,267
Emc3p,253
Cbt1p,271
Ste6p,1290
Uba1p,1024
Trp3p,484
Sac1p,623
Doa1p,715
Yra2p,203
Oxp1p,1286
Ura1p,314
Jen1p,616
Sry1p,326
Cos9p,407
Fre2p,711
Mch2p,473
Ykl222Cp,705
Pau16p,123
Vps1p,704
Pap1p,568
Osh6p,448
Ecm9p,377
Ykr005Cp,525
Mrpl13p,264
Meh1p,184
Rsc4p,625
Fox2p,900
Tof2p,771
Ykr011Cp,353
Pry2p,329
Ypt52p,234
Ykr015Cp,568
Mic60p,540
Hel1p,551
Ykr018Cp,725
Irs4p,615
Vps51p,164
Aly1p,915
Ntr2p,322
Rqt4p,530
Dbp7p,742
Rpc37p,282
Gcn3p,305
Bch2p,765
Sap190p,1033
Set3p,751
Gmh1p,273
Spo14p,1683
Ykr032Wp,104
Dal80p,269
Did2p,204
Caf4p,643
Spc34p,295
Kae1p,386
Gap1p,602
Ykr041Wp,250
Uth1p,365
Shb17p,271
Uip5p,443
Ykr045Cp,183
Pln1p,283
Nap1p,417
Fmp46p,133
Trk2p,889
Hfl1p,418
Mrs4p,304
Ysr3p,404
Dyn1p,4092
Rho4p,291
Trm2p,639
Rps21Ap,87
Glg1p,616
Tif1p,395
Utp30p,274
Ktr2p,425
Tfa2p,328
Las1p,502
Oaf3p,863
Pam17p,197
Ccp1p,361
Gpt2p,743
Bet3p,193
Met1p,593
Ykr070Wp,352
Dre2p,348
Sis2p,562
Ykr073Cp,106
Aim29p,155
Ykr075Cp,307
Ecm4p,370
Msa2p,363
Ykr078Wp,585
Trz1p,838
Mtd1p,320
Rpf2p,344
Nup133p,1157
Dad2p,133
Hbs1p,611
Mrpl20p,195
Prp16p,1071
Oma1p,345
Tvp38p,337
Tgl4p,910
Pxl1p,706
Srl3p,246
Srp40p,406
Ptr2p,601
Rpl40Bp,128
Mlp1p,1875
Pcc1p,88
Esl2p,1195
Pck1p,549
Ubp11p,717
Bas1p,811
Skg1p,355
Sir1p,654
Flo10p,1169
Nft1p,1218
Ykr104Wp,306
Vba5p,582
Gex2p,615
Dnm1p,757
Rtt109p,436
Sfi1p,946
Orc3p,616
Spo75p,868
Mmm1p,426
Yll006W-Ap,58
Lmo1p,665
Drs1p,752
Cox17p,69
Psr1p,427
Sof1p,489
Yeh1p,573
Puf3p,879
Emc6p,108
Bpt1p,1559
Dps1p,557
Cox19p,98
Kns1p,737
Spa2p,1466
Hif1p,385
Pom33p,279
Ssa2p,639
Pau17p,124
Hsp104p,908
Isa1p,250
Tpo1p,586
Fra1p,749
Rrt7p,113
Gpi13p,1017
Yll032Cp,825
Irc19p,230
Rix7p,837
Grc3p,632
Prp19p,503
Ent4p,247
Ubi4p,381
Vps13p,3144
Sdh2p,266
Atg10p,167
Fps1p,669
Rpl8Bp,256
Rnp1p,249
Ybt1p,1661
Ldb18p,179
Cof1p,143
Fre6p,712
Aqy2p,149
Yll053Cp,152
Yll054Cp,843
Yct1p,531
Yll056Cp,298
Jlp1p,412
Yll058Wp,575
Gtt2p,233
Mmp1p,583
Mht1p,324
Ayt1p,474
Pau18p,120
Yll066Cp,1205
Yll066W-Bp,56
Yll067Cp,1205
Ylr001Cp,862
Noc3p,663
Cms1p,291
Thi73p,523
Ssl1p,461
Ssk1p,712
Nse1p,336
Pam18p,168
Rlp24p,199
Ten1p,160
Lot6p,191
Ylr012Cp,99
Gat3p,141
Ppr1p,904
Bre2p,505
Pml1p,204
Meu1p,337
Pom34p,299
Psr2p,397
Yeh2p,538
Irc25p,179
Sdo1p,250
Izh3p,543
Ubr2p,1872
Snf7p,240
Sed5p,340
Aat2p,418
Ade16p,591
Rpl15Ap,204
Ylr030Wp,263
Ylr031Wp,186
Rad5p,1169
Rsc58p,502
Smf3p,473
Mlh2p,695
Ylr036Cp,203
Pau23p,124
Cox12p,83
Ric1p,1056
Afb1p,224
Ylr042Cp,161
Trx1p,103
Pdc1p,563
Stu2p,888
Ylr046Cp,270
Fre8p,686
Rps0Bp,252
Mlo50p,428
Ema19p,161
Fcf2p,217
Ies3p,250
Ylr053Cp,108
Osw2p,724
Spt8p,602
Erg3p,365
Mnl2p,849
Shm2p,469
Rex2p,269
Frs1p,595
Rpl22Ap,121
Bmt6p,365
Per33p,273
Snd2p,181
Spc3p,184
Pet309p,965
Fyv7p,151
Mef1p,761
Xyl2p,356
Rgr1p,1082
Lam6p,693
Rfu1p,200
Bud20p,166
Rpl10p,221
Fmp25p,583
Bos1p,244
Sic1p,284
Emp46p,444
Gal2p,574
Srl2p,392
Emp70p,667
Rax2p,1220
Arp6p,438
Smc4p,1418
Csf1p,2958
Gaa1p,614
Alt1p,592
Xdj1p,459
Gep5p,293
Sul2p,893
Nyv1p,253
Gis3p,502
Ioc2p,812
Kin2p,1147
Hrt3p,344
Cha4p,648
Ict1p,394
Mim2p,87
Erg27p,347
Apc9p,265
Cdc45p,650
Lcl2p,131
Sen2p,377
Rea1p,4910
Rex3p,404
Ylr108Cp,485
Ahp1p,176
Ccw12p,133
Ylr111Wp,110
Ylr112Wp,139
Hog1p,435
Avl9p,764
Cft2p,859
Msl5p,476
Clf1p,687
Tml25p,227
Srn2p,213
Yps1p,569
Yps3p,508
Ylr122Cp,125
Ylr125Wp,136
Ylr126Cp,251
Apc2p,853
Dcn1p,269
Dip2p,943
Zrt2p,422
Ace2p,770
Usb1p,290
Cki1p,582
Pdc5p,563
Slx4p,748
Tis11p,285
Rkm5p,367
Nha1p,985
Sls1p,643
Rrn5p,363
Put1p,476
Dph6p,685
Acf2p,779
Rmp1p,201
Spe4p,300
Ylr146W-Ap,62
Smd3p,101
Pep3p,918
Ylr149Cp,730
Stm1p,273
Pcd1p,340
Ylr152Cp,576
Acs2p,683
Rnh203p,110
Ylr154C-Gp,49
Ylr154C-Hp,43
Tar1p,124
Asp3-1p,362
Ylr156C-Ap,43
Ylr156Wp,114
Asp3-2p,362
Ylr157C-Cp,43
Ylr157W-Dp,70
Ylr157W-Ep,54
Asp3-3p,362
Ylr159C-Ap,43
Ylr159Wp,114
Asp3-4p,362
Ylr161Wp,114
Ylr162Wp,118
Rrt15p,62
Mas1p,462
Shh4p,168
Pus5p,254
Sec10p,871
Rps31p,152
Ups2p,230
Aps1p,156
Dph5p,300
Ylr173Wp,608
Idp2p,412
Cbf5p,483
Rfx1p,811
Ylr177Wp,628
Tfs1p,219
Ylr179Cp,201
Sam1p,382
Vta1p,330
Swi6p,803
Tos4p,489
Rpl37Ap,88
Emg1p,252
Skg3p,1026
Mdl1p,695
Atg26p,1198
Mmr1p,491
Pex13p,386
Hcr1p,265
Ups1p,175
Ncw2p,254
Nmt1p,455
Pwp1p,576
Nop56p,504
Pba1p,276
Yke2p,114
Coq9p,260
Mss51p,436
Qri5p,111
Hmx1p,317
Ent2p,613
Hrd3p,833
Sec13p,297
Pnp1p,311
Clb4p,460
Atg38p,226
Tub4p,473
Crr1p,422
Fre1p,686
Cdc123p,360
Cpr6p,371
Coa4p,150
Msc3p,728
Ccc1p,322
Rsa3p,220
Utp13p,817
Ifh1p,1085
Ucc1p,369
Ylr225Cp,407
Bur2p,395
Ady4p,493
Ecm22p,814
Cdc42p,191
Bna5p,453
Est1p,699
Top3p,656
Ylr236Cp,107
Thi7p,598
Far10p,478
Lip2p,328
Vps34p,875
Csc1p,782
Arv1p,321
Gpn3p,272
Map1p,387
Cdd1p,142
Erf2p,359
Irc20p,1556
Rck2p,610
Yef3p,1044
Ssp120p,234
Sym1p,197
Mcp2p,569
Ndl1p,189
Ylr255Cp,117
Hap1p,1502
Ylr257Wp,321
Gsy2p,705
Hsp60p,572
Lcb5p,687
Vps63p,108
Ypt6p,215
Tma7p,64
Red1p,827
Ylr264C-Ap,38
Rps28Bp,67
Nej1p,342
Pdr8p,701
Bop2p,570
Sec22p,214
Dcs1p,350
Cmg1p,274
Ycs4p,1176
Pig1p,648
Mcm5p,775
Smd2p,110
Dbp9p,594
Ysh1p,779
Ylr278Cp,1341
Rso55p,155
Ylr283Wp,314
Eci1p,280
Ylr285C-Ap,56
Nnt1p,261
Cts1p,562
Ylr287Cp,355
Rps30Ap,63
Mec3p,474
Guf1p,645
Coq11p,277
Gcd7p,381
Sec72p,193
Gsp1p,219
Atp14p,124
Ylr296Wp,108
Ylr297Wp,129
Yhc1p,231
Ecm38p,660
Exg1p,448
Hri1p,244
Ylr302Cp,120
Met17p,444
Aco1p,778
Stt4p,1900
Ubc12p,188
Dpa10p,87
Cda1p,301
Cda2p,312
Imh1p,911
Cdc25p,1589
Atg39p,398
Mrpl15p,253
Sph1p,530
Cdc3p,520
Nkp2p,153
Tad3p,322
Est2p,884
Bud6p,788
Mms22p,1454
Sfh1p,426
Cwc24p,259
Pex30p,523
Rpl38p,78
Ylr326Wp,240
Tma10p,86
Nma1p,401
Rec102p,264
Chs5p,671
Jip3p,125
Mid2p,376
Rps25Bp,108
Nup2p,720
Sgd1p,899
Vrp1p,817
Rpp0p,312
Spo77p,477
Fks1p,1876
Ylr342W-Ap,57
Gas2p,555
Rpl26Ap,127
Ylr345Wp,509
Cis1p,101
Kap95p,861
Dic1p,298
Orm2p,216
Nit3p,291
Lug1p,807
Bud8p,603
Tal1p,335
Ilv5p,395
Atg33p,197
Rsc2p,889
Ylr358Cp,187
Ade13p,482
Vps38p,439
Dcr2p,578
Ylr361C-Ap,98
Ste11p,717
Nmd4p,218
Ylr363W-Ap,85
Grx8p,109
Ylr365Wp,110
Rps22Bp,130
Mdm30p,598
Ssq1p,657
Arc18p,178
Rom2p,1356
Elo3p,345
Vid22p,901
Stp3p,343
Psy3p,242
Fbp1p,348
Sec61p,480
Csr1p,408
Ctf3p,733
Nam2p,894
Smc6p,1114
Iki3p,1349
Swc7p,132
Vac14p,880
Reh1p,432
Rps29Ap,56
Ste23p,1027
Ecm19p,112
Ccw14p,238
Art10p,518
Atp10p,279
Cst9p,482
Cox8p,78
Vps33p,691
Afg2p,780
Ski2p,1287
Bdf1p,686
Dus3p,668
Sfp1p,683
Sei1p,285
Dus4p,367
Rpl31Bp,113
Ylr406C-Ap,49
Ylr407Wp,228
Bls1p,122
Utp21p,939
Vip1p,1146
Ctr3p,241
Ylr412C-Ap,68
Ber1p,274
Ina1p,675
Pun1p,263
Ylr415Cp,112
Vps36p,566
Cdc73p,393
Ylr419Wp,1435
Ura4p,364
Rpn13p,156
Dck1p,1932
Atg17p,417
Spp382p,708
Tus1p,1307
Tda5p,326
Mag2p,670
Crn1p,651
Sen1p,2231
Atg23p,453
Imd3p,523
Cna1p,553
Tsr2p,205
Ecm30p,1274
Dif1p,133
Lsm3p,89
Car2p,424
Mrpl4p,319
Sec39p,709
Rps1Ap,255
Sir3p,978
Ecm7p,448
Gmc2p,188
Ylr446Wp,433
Vma6p,345
Rpl6Bp,176
Fpr4p,392
Hmg2p,1045
Leu3p,886
Sst2p,698
Rif2p,395
Fmp27p,2628
Pdp3p,304
Ylr456Wp,204
Nbp1p,319
Gab1p,394
Ylr460Cp,376
Pau4p,120
Ylr462Wp,202
Ylr464Wp,216
Yrf1-4p,1382
Yrf1-5p,1796
Ypt7p,208
Yml002Wp,737
Yml003Wp,290
Glo1p,326
Trm12p,462
Gis4p,774
Min4p,36
Yap1p,650
Erg6p,383
Mrpl39p,70
Spt5p,1063
Rad33p,177
Erv25p,211
Ubx2p,584
Trm9p,279
Taf11p,346
Ppz1p,692
Psp2p,593
Yml018Cp,393
Ost6p,332
Yml020Wp,664
Ung1p,359
Apt1p,187
Nse5p,556
Rps17Ap,136
Yml6p,286
Rps18Bp,146
Yox1p,385
Tsa1p,196
Usa1p,838
Rcf1p,159
Ndc1p,655
Rad52p,471
Src1p,834
Amd1p,810
Cgi121p,181
Yml037Cp,340
Ymd8p,442
Vps71p,280
Cat2p,670
Rrn11p,507
Prp39p,629
Prm6p,352
Gsf2p,403
Rse1p,1361
Aim32p,311
Gal80p,435
Sur7p,302
Yml053Cp,212
Cyb2p,591
Yml054C-Ap,52
Spc2p,178
Imd4p,524
Cmp2p,604
Sml1p,104
Hug1p,68
Nte1p,1679
Ogg1p,376
Pif1p,859
Mft1p,392
Rps1Bp,255
Tem1p,245
Orc1p,914
Sma2p,369
Erv41p,352
Itt1p,464
Pob3p,552
Dak1p,584
Cog8p,607
Tcb3p,1545
Rpl6Ap,176
Fpr3p,411
Hmg1p,1054
War1p,944
Bet5p,159
Cpr3p,182
Yml079Wp,201
Dus1p,423
Atp18p,59
Tda9p,1251
Yml082Wp,649
Yml083Cp,418
Tub1p,447
Alo1p,526
Aim33p,312
Ufo1p,668
Rpm2p,1202
Pre8p,250
Utp14p,899
Gim5p,163
Rad10p,210
Yml096Wp,525
Vps9p,451
Taf13p,167
Arg81p,880
Tsl1p,1098
Yml100W-Ap,57
Cue4p,117
Cac2p,468
Nup188p,1655
Mdm1p,1127
Sec65p,273
Ura5p,226
Pml39p,334
Yml108Wp,105
Zds2p,942
Coq5p,307
Bul2p,920
Ctk3p,296
Dat1p,248
Taf8p,510
Van1p,535
Atr1p,542
Nab6p,1134
Ngl3p,505
Yml119Wp,357
Ndi1p,513
Gtr1p,310
Yml122Cp,126
Pho84p,587
Tub3p,445
Pga3p,312
Erg13p,491
Rsc9p,581
Msc1p,513
Cox14p,70
Ero1p,563
Yml131Wp,365
Cos3p,379
Yml133Cp,1374
Cdc5p,705
Ymr001C-Ap,76
Mix17p,156
Aim34p,198
Mvp1p,511
Taf4p,388
Plb2p,706
Ymr007Wp,126
Plb1p,664
Adi1p,179
Any1p,405
Hxt2p,541
Clu1p,1277
Sec59p,519
Bud22p,519
Erg5p,538
Sok2p,785
Spo20p,397
Pex9p,514
Stb4p,949
Fms1p,508
Mac1p,417
Ubc7p,165
Mss1p,526
Mrpl3p,390
Csi1p,295
Pex12p,399
Ymr027Wp,470
Tap42p,366
Far8p,523
Rsf1p,376
Ymr030W-Ap,96
Eis1p,843
Hof1p,669
Arp9p,467
Rch1p,434
Imp2p,177
Mih1p,554
Msn2p,704
Ccs1p,249
Sub1p,292
Yet2p,160
Ara2p,335
Arg80p,177
Mcm1p,286
Ioc4p,475
Nup116p,1113
Csm3p,317
Erb1p,807
Far3p,204
Stb2p,850
Stv1p,890
Bub2p,306
Aac1p,309
Fet3p,636
Sen15p,128
Sam37p,327
Rna14p,677
Arg7p,441
Rim9p,239
Aep1p,518
Kar5p,504
Sov1p,898
Ubx4p,416
Avo2p,426
Nat4p,285
Mot3p,490
Tvp18p,167
Abf2p,183
Irc21p,201
Sdd2p,145
Rco1p,684
Pds5p,1277
Vps20p,221
Ctf18p,741
Sec14p,304
Nam7p,971
Isf1p,338
Ymr082Cp,118
Adh3p,375
Ymr084Wp,262
Ymr085Wp,432
Seg1p,960
Pdl32p,284
Vba1p,562
Yta12p,825
Ymr090Wp,227
Npl6p,435
Aip1p,615
Utp15p,513
Ctf13p,478
Sno1p,224
Snz1p,297
Mtg1p,367
Atp25p,612
Ymr099Cp,297
Mub1p,620
Srt1p,343
Ymr102Cp,834
Ymr103Cp,120
Ypk2p,677
Pgm2p,569
Ymr105W-Ap,64
Yku80p,629
Spg4p,115
Ilv2p,687
Myo5p,1219
Hfd1p,532
Euc1p,462
Med11p,131
Fol3p,427
Ymr114Cp,368
Mgr3p,501
Asc1p,319
Spc24p,213
Shh3p,196
Asi1p,624
Ade17p,592
Rpl15Bp,204
Ymr122Cp,124
Ncw1p,84
Pkr1p,122
Epo1p,943
Sto1p,861
Dlt1p,342
Sas2p,338
Ecm16p,1267
Pom152p,1337
Dpi35p,302
Rrb1p,511
Jlp2p,208
Rec114p,428
Erg29p,237
Gid8p,455
Gat2p,560
Pso2p,661
Cin4p,191
Rim11p,370
Sip5p,489
Ymr141Cp,102
Rpl13Bp,199
Rps16Ap,143
Fdo1p,342
Nde1p,560
Tif34p,347
Ldo45p,223
Ldo16p,148
Swp1p,286
Imp1p,190
Yim1p,365
Nup53p,475
Rim13p,727
Ymr155Wp,547
Tpp1p,238
Aim36p,255
Ymr158C-Ap,45
Mrps8p,155
Atg16p,150
Ymr160Wp,816
Hlj1p,224
Dnf3p,1656
Inp2p,705
Mss11p,758
Pah1p,862
Mme1p,368
Mlh1p,769
Cep3p,608
Ald3p,506
Ald2p,506
Ear1p,550
Hot1p,719
Ddr48p,430
Pai3p,68
Sip18p,79
Ymr175W-Ap,64
Ecm5p,1411
Mmt1p,510
Fpy1p,274
Spt21p,758
Ctl1p,320
Ymr181Cp,154
Rgm1p,211
Min3p,28
Sso2p,295
Add37p,198
Rtp1p,981
Hsc82p,705
Ymr187Cp,431
Mrps17p,237
Gcv2p,1034
Sgs1p,1447
Spg5p,373
Gyl1p,720
Mrpl24p,258
Cmc4p,73
Rpl36Ap,100
Icy1p,127
Ymr196Wp,1088
Vti1p,217
Cik1p,594
Cln1p,546
Rot1p,256
Rad14p,371
Erg2p,222
Tom40p,387
Inp1p,420
Pfk2p,959
Ymr206Wp,313
Hfa1p,2123
Erg12p,443
Ymr209Cp,457
Mgl2p,449
Dml1p,475
Efr3p,782
Cef1p,590
Scj1p,377
Gas3p,524
Sky1p,742
Gua1p,525
Trs130p,1102
Esc1p,1658
Erg8p,451
Fmp42p,504
Fsh2p,223
Ubp8p,471
Mre11p,692
Mrpl44p,98
Ymr226Cp,267
Taf7p,590
Mtf1p,341
Rrp5p,1729
Rps10Bp,105
Ymr230W-Ap,62
Pep5p,1029
Fus2p,677
Tri1p,226
Rnh1p,348
Rna1p,407
Taf9p,157
Bch1p,724
Dfg5p,458
Rnt1p,471
Cus1p,436
Yhm2p,314
Rpl20Ap,172
Ymr242W-Ap,29
Zrc1p,442
Coa6p,104
Ymr244Wp,355
Faa4p,694
Rkr1p,1562
Ymr247W-Ap,47
Gad1p,585
Gto3p,366
Hor7p,59
Mlo1p,134
Ymr253Cp,414
Ymr254Cp,102
Gfd1p,188
Cox7p,60
Pet111p,800
Roy1p,553
Trm732p,1420
Tif11p,153
Tps3p,1054
Ymr262Wp,313
Sap30p,201
Cue1p,203
Ymr265Cp,461
Rsn1p,953
Ppa2p,310
Prp24p,444
Tma23p,211
Rrn9p,365
Ura10p,227
Scs7p,384
Ymr272W-Bp,35
Zds1p,915
Rce1p,315
Bul1p,976
Dsk2p,373
Fcp1p,732
Prm15p,622
Atr2p,540
Cat8p,1433
Gpi12p,304
Aep2p,580
Rit1p,513
Yku70p,602
Ngl2p,515
Mrpl33p,86
Dss1p,969
Hsh155p,971
Abz2p,374
Has1p,505
Tda1p,586
Got1p,138
Her2p,464
Jnm1p,373
Ymr295Cp,197
Lcb1p,558
Prc1p,532
Lip1p,150
Dyn3p,312
Ade4p,510
Atm1p,690
Yme2p,850
Adh2p,348
Ubp15p,1230
Scw10p,389
Fks3p,1785
Gas1p,559
Pse1p,1089
Nip1p,812
Ymr310Cp,317
Glc8p,229
Elp6p,273
Tgl3p,642
Pre5p,234
Ymr315Wp,349
Ymr315W-Ap,35
Ymr316C-Ap,103
Dia1p,336
Ymr317Wp,1140
Adh6p,360
Fet4p,552
Ymr320Wp,101
Ymr321Cp,105
Sno4p,237
Err3p,437
Pau19p,124
Dom34p,386
Rlp7p,322
Pet8p,284
Hrb1p,454
Mrp7p,371
Lst8p,303
Sis1p,352
Asi3p,676
Idp3p,420
Pyp1p,241
Ynl011Cp,444
Spo1p,631
Hef3p,1044
Pbi2p,75
Pub1p,453
Ynl018Cp,612
Ynl019Cp,284
Ark1p,638
Hda1p,706
Rcm1p,490
Fap1p,965
Efm6p,246
Ksh1p,72
Ssn8p,323
Sam50p,484
Crz1p,678
Ktr5p,522
Hhf2p,103
Hht2p,136
Siw14p,281
Ynl033Wp,284
Ynl034Wp,612
Ynl035Cp,389
Nce103p,221
Idh1p,360
Gpi15p,229
Bdp1p,594
Ynl040Wp,456
Cog6p,839
Bop3p,396
Ynl042W-Bp,85
Yip3p,176
Lap2p,671
Ynl046Wp,172
Slm2p,656
Alg11p,548
Sfb2p,876
Ynl050Cp,270
Cog5p,403
Cox5Ap,153
Msg5p,489
Vac7p,1165
Por1p,283
Oca2p,197
Ynl058Cp,316
Arp5p,755
Nop2p,618
Gcd10p,478
Mtq1p,314
Ydj1p,409
Aqr1p,586
Sun4p,420
Rpl9Bp,191
Ynl067W-Bp,46
Fkh2p,862
Rpl16Bp,198
Tom7p,60
Lat1p,482
Rnh201p,307
Msk1p,576
Mlf3p,452
Imp4p,290
Mks1p,584
Apj1p,528
Nis1p,407
Tpm1p,199
Eos1p,366
Sws2p,143
Pms1p,873
Sal1p,494
End3p,349
Mkt1p,830
Snn1p,102
Tcb2p,1178
Top2p,1428
Rho2p,192
Nst1p,1240
Ynl092Wp,400
Ypt53p,220
App1p,587
Ynl095Cp,642
Rps7Bp,190
Pho23p,330
Ynl097C-Bp,40
Ras2p,322
Oca1p,238
Mic27p,234
Avt4p,713
Pol1p,1468
Met4p,672
Leu4p,619
Inp52p,1183
Yaf9p,226
Ynl108Cp,270
Nop15p,220
Cyb5p,120
Dbp2p,546
Rpc19p,142
Ynl115Cp,644
Dma2p,522
Mls1p,554
Dcp2p,970
Ncs2p,493
Tom70p,617
Ynl122Cp,115
Nma111p,997
Naf1p,492
Esbp6p,673
Spc98p,846
Far11p,953
Tep1p,434
Nrk1p,240
Cpt1p,393
Dgr1p,48
Tom22p,152
Kre33p,1056
Fyv6p,173
Ynl134Cp,376
Fpr1p,114
Eaf7p,425
Nam9p,486
Srv2p,526
Ysf3p,85
Tho2p,1597
Ynl140Cp,189
Aah1p,347
Mep2p,499
Ynl143Cp,130
Ynl144Cp,740
Mfa2p,38
Ynl146C-Ap,64
Ynl146Wp,100
Lsm7p,115
Alf1p,254
Pga2p,129
Rpc31p,251
Inn1p,409
Gim3p,129
Yck2p,546
Cuz1p,274
Nsg2p,299
Igo1p,168
Pga1p,198
Asi2p,289
Ygp1p,354
Cbk1p,756
Rpl42Ap,106
Ynl162W-Ap,72
Ria1p,1110
Ibd2p,351
Ynl165Wp,406
Bni5p,448
Sko1p,647
Fmp41p,259
Psd1p,500
Apc1p,1748
Mdg1p,366
Nop13p,403
Tda7p,636
Mrpl22p,309
Rps3p,240
Rho5p,331
Pbr1p,407
Ipi3p,555
Npr1p,790
Ynl184Cp,108
Mrpl19p,158
Ubp10p,792
Swt21p,357
Kar1p,433
Srp1p,542
Ynl190Wp,204
Dug3p,357
Chs1p,1131
Ynl193Wp,558
Ynl194Cp,301
Ynl195Cp,261
Slz1p,298
Whi3p,661
Gcr2p,534
Nnr1p,246
Psy2p,858
Sps19p,292
Sps18p,300
Rtt106p,455
Rio2p,425
Ynl208Wp,199
Ssb2p,613
Mer1p,270
Mrx7p,86
Vid27p,782
Rrg9p,214
Pex17p,199
Ies2p,320
Rap1p,827
Ppn2p,326
Mgs1p,587
Alg9p,555
Ade12p,433
Pop1p,875
Ssu72p,206
Atg4p,494
Sqs1p,767
Cnm67p,581
Jjj1p,590
Ure2p,354
Ela1p,379
Pdr16p,351
Csl4p,292
Bni4p,892
Ynl234Wp,426
Sin4p,974
Ytp1p,459
Kex2p,814
Lap3p,454
Nar1p,491
Zwf1p,505
Atg2p,1592
Sla2p,968
Sui1p,108
Cwc25p,179
Vps75p,264
Crs1p,767
Rpa49p,415
Mpa43p,542
Rad50p,1312
Nrd1p,575
Mrpl17p,281
Tex1p,422
Rtc4p,401
Gis2p,153
Fol1p,824
Sip3p,1229
Dsl1p,754
Atx1p,73
Lto1p,198
Orc5p,479
Pol2p,2222
Yif1p,314
Pdr17p,350
Ist1p,298
Pik1p,1066
Lyp1p,611
Bsc4p,131
Alp1p,573
Bni1p,1953
Sec2p,759
Tof1p,1238
Gor1p,350
Bor1p,576
Met2p,486
Ynl277W-Ap,62
Caf120p,1060
Prm1p,661
Erg24p,438
Hch1p,153
Pop3p,195
Wsc2p,503
Mrpl10p,322
Cus2p,285
Sec21p,935
Caf40p,373
Pcl1p,279
Rfc3p,340
Mid1p,548
Pus4p,403
Msb3p,633
Rim21p,533
Mrx6p,524
Mon2p,1636
Cla4p,842
Trf5p,642
Tos6p,102
Rpl18Bp,186
Rps19Bp,144
Ypt11p,417
Bxi1p,297
Mrps18p,217
Mck1p,375
Kri1p,591
Stb1p,420
Zim17p,174
Skp2p,763
Rfa2p,273
Emw1p,904
Dal82p,255
Atp11p,318
Pha2p,334
Pfs2p,465
Hxt14p,540
Ynl320Wp,284
Vnx1p,908
Kre1p,313
Lem3p,414
Fig4p,879
Pfa3p,336
Egt2p,1041
Mdj2p,146
Pex6p,1030
Rpd3p,433
Aad14p,376
Thi12p,340
Snz2p,298
Sno2p,222
Ddi3p,225
Cos1p,381
Yrf1-6p,1859
Cit1p,479
Ato2p,282
Rpc34p,317
Swm2p,146
Vps27p,622
Atg3p,310
Lro1p,661
Nrm1p,249
Cse2p,149
Prp2p,876
Urk1p,501
Pho91p,894
Ynr014Wp,212
Smm1p,384
Acc1p,2233
Tim23p,222
Rcf2p,224
Are2p,642
Atp23p,270
Ynr021Wp,404
Mrpl50p,139
Snf12p,566
Mpp6p,186
Sec12p,471
Bud17p,317
Cpr8p,308
Ynr029Cp,429
Alg12p,551
Ssk2p,1579
Hub1p,73
Ppg1p,368
Abz1p,787
Sol1p,321
Ego4p,98
Arc35p,342
Mrps12p,153
Rsm19p,91
Dbp6p,629
Zrg17p,605
Mrx15p,256
Coq2p,372
Mvd1p,396
Aga1p,725
Pet494p,489
Trm112p,135
Fpk1p,893
Ynr048Wp,393
Mso1p,210
Lys9p,446
Bre5p,515
Pop2p,433
Nog2p,486
Esf2p,316
Hol1p,586
Bio5p,561
Bio4p,237
Bio3p,480
Mnt4p,580
Fre4p,719
Ynr061Cp,219
Pul3p,327
Pul4p,607
Ynr064Cp,290
Ynr065Cp,1116
Ynr066Cp,436
Dse4p,1117
Ynr068Cp,272
Bsc5p,489
Pdr18p,1333
Ynr071Cp,342
Hxt17p,564
Man2p,502
Aif1p,378
Ynr075C-Ap,30
Cos10p,374
Pau6p,120
Ynr077Cp,84
Pho80p,293
Izh2p,317
Pfa4p,378
Sin3p,1536
Rpb11p,120
Top1p,769
Csi2p,341
Coq10p,207
Mdm12p,271
Rcl1p,367
Plb3p,686
Htz1p,134
Hrd1p,551
Yol013W-Ap,63
Yol014Wp,124
Irc10p,586
Cmk2p,447
Esc8p,714
Tlg2p,397
Yol019Wp,551
Yol019W-Ap,50
Tat2p,592
Dis3p,1001
Tsr4p,408
Ifm1p,676
Yol024Wp,172
Lag2p,660
Mim1p,113
Mdm38p,573
Yap7p,245
Yol029Cp,201
Gas5p,484
Sil1p,421
Opi10p,246
Mse1p,536
Smc5p,1093
Yol036Wp,761
Yol038C-Ap,31
Pre6p,254
Rpp2Ap,106
Rps15p,142
Nop12p,459
Ngl1p,363
Ntg2p,380
Pex15p,383
Psk2p,1101
Lds2p,356
Rrt8p,342
Gsh2p,491
Gal11p,1081
Spe2p,396
Ddr2p,61
Aim39p,395
Psh1p,406
Thi20p,551
Gpm3p,303
Yol057Wp,711
Arg1p,420
Gpd2p,440
Mam3p,706
Prs5p,496
Apm4p,491
Crt10p,957
Met22p,357
Inp54p,384
Rib2p,591
Rtg1p,177
Hst1p,503
Nuf2p,451
Nba1p,501
Sdh5p,162
Thp1p,455
Dsc2p,322
Yol075Cp,1294
Mdm20p,796
Brx1p,291
Atp19p,68
Avo1p,1176
Rex4p,289
Ira2p,3079
Atg19p,415
Atg34p,412
Phm7p,991
Yol085Cp,113
Adh1p,348
Mhf1p,90
Duf1p,1116
Mpd2p,277
Hal9p,1030
Msh2p,964
Spo21p,609
Ypq1p,308
Trm10p,293
Rfc4p,323
Hmi1p,706
Coq3p,312
Wrs1p,432
Yol097W-Ap,61
Sdd3p,1037
Pkh2p,1081
Izh4p,312
Tpt1p,230
Itr2p,609
Ndj1p,352
Wsc3p,556
Yol107Wp,342
Ino4p,151
Zeo1p,113
Shr5p,237
Mdy2p,212
Msb4p,492
Skm1p,655
Pth4p,202
Pap2p,584
Msn1p,382
Rri2p,645
Yol118Cp,102
Mch4p,501
Rpl18Ap,186
Rps19Ap,144
Smf1p,575
Hrp1p,534
Trm11p,433
Trm13p,476
Mdh2p,377
Rpl25p,142
Ygk3p,375
Vps68p,184
Alr1p,859
Yol131Wp,108
Gas4p,471
Hrt1p,121
Med7p,222
Pfk27p,397
Bsc6p,497
Rtc1p,1341
Cdc33p,213
Arg8p,423
Ppm2p,695
Rrp40p,240
Rib4p,169
Nop8p,484
Ctr9p,1077
Psf3p,194
Pex11p,236
Spt20p,604
Dcp1p,231
Gre2p,342
Fre7p,620
Zps1p,249
Hpf1p,967
Yol155W-Ap,44
Hxt11p,567
Ima2p,589
Enb1p,606
Css3p,171
Yol159C-Ap,90
Yol160Wp,113
Pau20p,120
Yol162Wp,215
Yol163Wp,169
Bds1p,646
Yol164W-Ap,60
Aad15p,143
Yol166W-Ap,51
Rrp6p,733
Alg6p,544
Ysp3p,478
Utp23p,254
Dnl4p,944
Tsr3p,313
Sgt2p,346
Slg1p,378
Yor008C-Ap,74
Tir4p,487
Tir2p,251
Aus1p,1394
Yor011W-Ap,68
Yor012Wp,137
Rts1p,757
Yor015Wp,119
Erp4p,207
Pet127p,800
Rod1p,837
Yor019Wp,730
Hsp10p,106
Mco10p,90
Sfm1p,213
Ddl1p,715
Ahc1p,566
Hst3p,447
Bub3p,341
Sti1p,589
Cin5p,295
Yor029Wp,111
Dfg16p,619
Hms1p,434
Yor032W-Ap,66
Exo1p,702
Akr2p,749
Yor034C-Ap,80
She4p,789
Pep12p,288
Cyc2p,366
Hir2p,875
Ckb2p,258
Glo4p,285
Cue5p,411
Whi2p,486
Irc23p,157
Tom6p,61
Dbp5p,482
Std1p,444
Rat1p,1006
Rsb1p,354
Ett1p,412
Tmc1p,150
Vhs3p,674
Nob1p,459
Sgt1p,395
Ase1p,885
Lpl1p,450
Sld7p,257
Cka2p,339
Yor062Cp,268
Rpl3p,387
Yng1p,219
Cyt1p,309
Msa1p,629
Alg8p,577
Vam10p,114
Vps5p,675
Gyp1p,637
Nrt1p,598
Yor072Wp,104
Yor072W-Bp,53
Sgo1p,590
Cdc21p,304
Ufe1p,346
Ski7p,747
Rts2p,232
Bud21p,214
Atx2p,313
Dia2p,732
Tgl5p,749
Whi5p,295
Lpx1p,387
Ost3p,350
Tcb1p,1186
Yvc1p,675
Vps21p,210
Ptc5p,572
Tma46p,345
Ecm3p,613
Cmr2p,1648
Arf3p,183
Rki1p,258
Rps7Ap,190
Yor097Cp,175
Nup1p,1076
Ktr1p,393
Crc1p,327
Ras1p,309
Ost2p,130
Pin2p,282
Yor105Wp,108
Vam3p,283
Rgs2p,309
Leu9p,604
Inp53p,1107
Tfc7p,435
Yor111Wp,232
Cex1p,761
Azf1p,914
Dpi34p,294
Trs33p,268
Rpo31p,1460
Rpt5p,434
Rtc5p,567
Rio1p,484
Gcy1p,312
Pfy1p,126
Leo1p,464
Ubp2p,1272
Cat5p,233
Iah1p,238
Rga1p,1007
Ade2p,571
Afi1p,893
Ort1p,292
Yor131Cp,218
Vps17p,551
Eft1p,842
Bag7p,409
Idh2p,369
Sia1p,622
Rup1p,671
Sfl1p,766
Arp8p,881
Lsc1p,329
Thi80p,319
Elg1p,791
Pno1p,274
Mdm32p,622
Spp2p,185
Smp3p,516
Mrpl23p,163
Rpb2p,1224
Atg40p,256
Pdr5p,1511
Slp1p,587
Isn1p,450
Nfi1p,726
Pup1p,261
Pet123p,318
Sme1p,94
Mtr10p,972
Pns1p,539
Yor161C-Cp,48
Yrr1p,810
Ddp1p,188
Get4p,312
Sey1p,776
Swt1p,458
Rps28Ap,67
Gln4p,809
Lcb4p,624
Yrm1p,786
Dcs2p,353
Med4p,284
Ale1p,619
Hem15p,393
Mpc54p,464
Gac1p,793
Syc1p,188
Dci1p,271
Las17p,633
Rps30Bp,63
Fyv12p,129
Ser1p,395
Gsp2p,220
Yor186Wp,144
Tuf1p,437
Msb1p,1137
Ies4p,116
Spr1p,445
Uls1p,1619
Thi72p,599
Yor192C-Cp,78
Pex27p,376
Toa1p,286
Slk19p,821
Lip5p,414
Mca1p,432
Bfr1p,470
Mrm1p,412
His3p,220
Ded1p,604
Gep3p,556
Noc2p,710
Ret1p,1149
Ptp2p,750
Npt1p,429
Rpb10p,70
Mgm1p,881
Ste4p,423
Sas5p,248
Spr2p,236
Aim41p,185
Rud3p,484
Rfc1p,861
Ste13p,931
Rcn2p,265
Mct1p,360
Odc2p,307
Dsc3p,292
Rpb8p,146
Isu2p,156
Her1p,1246
Mcp1p,302
Wtm2p,467
Wtm1p,437
Mkk1p,508
Mge1p,228
Kin4p,800
Rpl33Bp,107
Irc13p,104
Dfr1p,211
Hes1p,434
Yor238Wp,303
Abp140p,628
Met7p,548
Ssp2p,371
Pus7p,676
Esa1p,445
Dga1p,418
Env9p,330
Srl1p,210
Apc5p,685
Clp1p,445
Tum1p,304
Tma16p,178
Nat5p,176
Sec63p,663
Osw1p,278
Tre2p,809
Cdc31p,161
Hnt3p,217
Rpt4p,437
Gcd1p,578
Rpn8p,338
Gpn2p,347
Dse3p,430
Rbl2p,106
Pnt1p,423
Hrk1p,759
Yor268Cp,132
Pac1p,494
Vph1p,840
Fsf1p,327
Ytm1p,460
Tpo4p,659
Mod5p,428
Rim20p,661
Caf20p,161
Hem4p,275
Rfm1p,310
Fsh3p,266
Plp2p,286
Yor283Wp,230
Hua2p,243
Rdl1p,139
Rdl2p,149
Rrp36p,300
Mpd1p,318
Yor289Wp,251
Snf2p,1703
Ypk9p,1472
Yor292Cp,309
Yor293C-Ap,49
Rps10Ap,105
Rrs1p,203
Uaf30p,228
Yor296Wp,1289
Tim18p,192
Mbf1p,151
Mum3p,479
Bud7p,746
Rax1p,435
Yor302Wp,25
Cpa1p,411
Bil1p,76
Isw2p,1120
Rrg7p,242
Mch5p,521
Sly41p,453
Snu66p,587
Nop58p,511
Dgk1p,290
Rpl20Bp,172
Sps4p,338
Yor314Wp,109
Sfg1p,346
Cot1p,439
Yor316C-Ap,69
Faa1p,700
Hsh49p,213
Gnt1p,491
Pmt3p,753
Ldb19p,818
Pro2p,456
Frt1p,602
Myo2p,1574
Snc2p,115
Pdr10p,1564
Scd5p,872
Mip1p,1254
Vma4p,233
Mrs2p,470
Ala1p,958
Kre5p,1365
Tea1p,759
Yor338Wp,363
Ubc11p,156
Rpa43p,326
Rpa190p,1664
Yor342Cp,319
Yor343Cp,108
Tye7p,291
Rev1p,985
Pyk2p,506
Put4p,627
Cin1p,1014
Mne1p,663
Mek1p,497
Tfb6p,343
Sog2p,791
Msc6p,692
Gds1p,522
Cir2p,631
Snx3p,162
Hap5p,242
Vts1p,523
Pde2p,526
Prt1p,763
Pre10p,288
Pip2p,996
Yor365Cp,703
Scp1p,200
Rad17p,401
Rps12p,143
Mrs6p,603
Gpb1p,897
Ndd1p,554
Nud1p,851
Ald4p,519
Gdh1p,454
Yor376Wp,122
Yor376W-Ap,51
Atf1p,525
Amf1p,515
Rdr1p,546
Fre3p,711
Yor381W-Ap,55
Fit2p,153
Fit3p,204
Fre5p,694
Yor385Wp,290
Phr1p,565
Yor387Cp,206
Fdh1p,376
Yor389Wp,624
Fex1p,375
Hsp33p,237
Err1p,437
Yor394C-Ap,55
Pau21p,164
Yrf1-8p,1796
Hat1p,374
Snf8p,233
Ula1p,462
Lsp1p,341
Aep3p,606
Ncr1p,1170
Tfc8p,588
Chl1p,861
Rqc2p,1038
Ret3p,189
Taf3p,353
Rrp12p,1228
Mrps16p,121
Cip1p,381
Hst2p,357
Swi1p,1314
Irc15p,499
Ctf19p,369
Vtc3p,835
Ulp1p,621
Ecm23p,187
Rad1p,1100
Met12p,657
Rmi1p,241
Sks1p,502
Sma1p,245
Erg10p,398
Suv3p,737
Trm44p,567
Pho85p,305
Svl3p,825
Srl4p,281
Ypl034Wp,165
Pma2p,947
Egd1p,157
Met31p,177
Ypl038W-Ap,63
Ypl039Wp,316
Ism1p,1002
Mrx11p,207
Ssn3p,555
Nop4p,685
Vps16p,798
Elc1p,99
Sgf11p,99
Cam1p,415
Dig1p,452
Mnn9p,395
Arl3p,198
Oaz1p,292
Ktr6p,446
Lee1p,301
Lge1p,332
Lcl1p,101
Sur1p,382
Pdr12p,1511
Grx5p,150
Mfm1p,413
Ald6p,500
Ypl062Wp,134
Tim50p,476
Cwc27p,301
Vps28p,242
Rgl1p,479
Htc1p,198
Ypl068Cp,293
Bts1p,335
Muk1p,612
Ypl071Cp,156
Ubp16p,499
Yta6p,754
Gcr1p,785
Gpi2p,280
Ypl077Cp,240
Atp4p,244
Rpl21Bp,160
Ypl080Cp,108
Rps9Ap,197
Mot1p,1867
Sen54p,467
Bro1p,844
Sec16p,2195
Elp3p,557
Ydc1p,317
Ypl088Wp,342
Rlm1p,676
Rps6Ap,236
Glr1p,483
Ssu1p,458
Nog1p,647
Sec62p,274
Eeb1p,456
Eri1p,68
Png1p,363
Msy1p,492
Mgr2p,113
Ina17p,182
Atg21p,496
Elp4p,456
Fmp30p,468
Msd1p,658
Syh1p,849
Sse1p,693
Dpc25p,248
Ypl108Wp,168
Mco76p,657
Gde1p,1223
Car1p,333
Pex25p,394
Ypl113Cp,396
Bem3p,1128
Hos3p,697
Idi1p,288
Mrp51p,344
Dbp1p,617
Ypl119C-Ap,87
Vps30p,557
Mei5p,222
Tfb2p,513
Rny1p,434
Spc29p,253
Kap120p,1032
Nan1p,896
Hho1p,258
Tbf1p,562
Taf14p,244
Spo19p,223
Rpl5p,297
Cox11p,300
Rds2p,446
Odc1p,310
Isu1p,165
Gip3p,1276
Spp1p,353
Ume1p,460
Mkk2p,506
Frk1p,865
Rpl33Ap,107
Poc4p,148
Kes1p,434
Nop53p,455
Pxa1p,870
Ppt2p,173
Atg5p,294
Ypl150Wp,901
Prp46p,451
Rrd2p,358
Ypl152W-Ap,32
Rad53p,821
Pep4p,405
Kip2p,706
Prm4p,284
Tgs1p,315
Aim44p,758
Pet20p,253
Cdc60p,1090
Bem4p,633
Ypl162Cp,273
Svs1p,260
Mlh3p,715
Set6p,373
Atg29p,213
Rev3p,1504
Mrx4p,430
Mex67p,599
Dap1p,152
Oye3p,400
Cox10p,462
Mrpl40p,297
Nip100p,868
Spt14p,452
Tre1p,783
Cup9p,306
Cbc2p,208
Ppq1p,549
Tco89p,799
Cti6p,506
Rtt10p,1013
Rtc6p,93
Mrn1p,612
Uip4p,304
Mf(Alpha)1p,165
Pos5p,414
Coa2p,68
Gup2p,609
Nab3p,802
Ypl191Cp,360
Prm3p,133
Rsa1p,381
Ddc1p,612
Apl5p,932
Oxr1p,273
Rpl7Bp,244
Ypl199Cp,240
Csm4p,156
Yig1p,461
Aft2p,416
Tpk2p,380
Hrr25p,494
Pgc1p,321
Tyw1p,810
Rkm1p,583
Ipl1p,367
Srp72p,640
Nip7p,181
Pus1p,544
Lea1p,238
Thi6p,540
Cbp3p,335
Ypl216Wp,1102
Bms1p,1183
Sar1p,190
Pcl8p,492
Rpl1Ap,217
Flc1p,793
Fmp40p,688
Gre1p,168
Mmt2p,484
Ypl225Wp,146
New1p,1196
Alg5p,334
Cet1p,549
Ypl229Wp,206
Usv1p,391
Fas2p,1887
Sso1p,290
Nsl1p,216
Vma11p,164
Rvb2p,471
Env7p,364
Sui3p,285
Yar1p,200
Hsp82p,709
Cin2p,268
Iqg1p,1495
Srp68p,599
Hut1p,339
Ypl245Wp,454
Rbd2p,262
Ypl247Cp,523
Gal4p,881
Gyp5p,894
Rpl36Bp,100
Atg41p,136
Yah1p,172
Vik1p,647
Hfi1p,488
Bbp1p,385
Cln2p,545
Ypl257Wp,193
Thi21p,551
Apm1p,475
Cub1p,551
Ypl261Cp,102
Fum1p,488
Kel3p,651
Ypl264Cp,353
Dip5p,608
Dim1p,318
Acm1p,209
Plc1p,869
Kar9p,644
Mdl2p,773
Atp15p,62
Pbi1p,517
Sam4p,325
Sam3p,587
Ypl277Cp,487
Ypl278Cp,100
Fex2p,375
Hsp32p,237
Err2p,437
Pau22p,164
Yrf1-7p,1859
Cit3p,486
Pdh1p,516
Ypr003Cp,754
Aim45p,344
Hal1p,294
Icl2p,575
Rec8p,680
Haa1p,694
Sut2p,268
Rpa135p,1203
Min8p,72
Ypr011Cp,326
Cmr3p,317
Ypr014Cp,109
Ypr015Cp,247
Tif6p,245
Dss4p,143
Rlf2p,606
Mcm4p,933
Atp20p,115
Agc1p,902
Sdd4p,1133
Eaf3p,401
Yme1p,747
Ccl1p,393
Ath1p,1211
Ypr027Cp,277
Yop1p,180
Apl4p,832
Csr2p,1121
Nto1p,748
Sro7p,1033
Hts1p,546
Arp7p,477
Gln1p,370
Vma13p,478
Spo24p,67
Erv2p,196
Tip41p,356
Tif5p,405
Puf2p,1075
Rpl43Ap,92
Thp3p,470
Mcm16p,181
Msf1p,469
Tah18p,623
Atg11p,1178
Mak3p,176
Nhp6Ap,93
Ypr053Cp,151
Smk1p,388
Sec8p,1065
Tfb4p,338
Brr1p,341
Ymc1p,307
Aro7p,256
Jid1p,301
Fcy1p,158
Ypr063Cp,140
Ypr064Wp,139
Rox1p,368
Uba3p,299
Isa2p,185
Hos1p,470
Spe3p,293
Med1p,566
Ypr071Wp,211
Not5p,560
Ltp1p,161
Tkl1p,680
Opy2p,360
Ypr078Cp,372
Mrl1p,381
Tef1p,458
Grs2p,618
Dib1p,143
Mdm36p,579
Ypr084Wp,456
Asa1p,443
Sua7p,345
Srp54p,541
Ypr089Wp,888
Nvj2p,770
Asr1p,288
Rds3p,107
Syt1p,1226
Ypr096Cp,100
Ypr097Wp,1073
Tmh18p,161
Mrpl51p,140
Snt309p,175
Rpl11Ap,174
Pre2p,287
Fhl1p,936
Cog4p,861
Isr1p,443
Yth1p,208
Rpn7p,429
Ypr108W-Ap,70
Gld1p,294
Rpc40p,335
Dbf20p,564
Mrd1p,887
Pis1p,220
Ypr114Wp,315
Rgc1p,1083
Rrg8p,277
Ypr117Wp,2489
Mri1p,411
Clb2p,491
Clb5p,435
Thi22p,572
Axl1p,1208
Ctr1p,406
Ylh47p,454
Ypr127Wp,345
Ant1p,328
Scd6p,349
Nat3p,195
Rps23Bp,145
Spn1p,410
Tom5p,50
Mss18p,268
Ctf4p,927
Rrp9p,573
Mep3p,489
Loa1p,300
Taz1p,381
Kar3p,729
Rrp15p,250
Noc4p,552
Ypr145C-Ap,78
Asn1p,572
Ypr147Cp,304
Ypr148Cp,435
Nce102p,173
Sue1p,206
Urn1p,465
May24p,140
Pin3p,215
Nca2p,616
Tpo3p,622
Tda6p,467
Cur1p,252
Ypr159C-Ap,33
Kre6p,720
Gph1p,902
Sgv1p,657
Orc4p,529
Tif3p,436
Mms1p,1407
Rho1p,209
Mrp2p,115
Met16p,261
Nut2p,157
Jip5p,492
Ypr170W-Bp,85
Bsp1p,576
Ypr172Wp,200
Vps4p,437
Ypr174Cp,221
Dpb2p,689
Bet2p,325
Prp4p,465
Hda3p,655
Aos1p,347
Sec23p,768
Smx3p,86
Dpm1p,267
Gdb1p,1536
Atg13p,738
Pzf1p,429
Rpo26p,155
Mlc2p,163
Ski3p,1432
Rpc82p,654
Qcr2p,368
Aqy1p,305
Hpa2p,156
Opt2p,877
Ypr195Cp,109
Ypr196Wp,470
Sge1p,543
Arr1p,294
Arr2p,130
Arr3p,404
Ypr202Wp,238
Ypr203Wp,102
Ypr204Wp,1032