"pep","activity","seq","state","len"
"Ace2p_309_358",-0.223,"HRQRYPNKSPESNGLNLFSSNSGYLRDSELLSFSPQNYNLNLDGLTYNDH","active",50
"Aft1p_583_632",0.285,"IFDELKFVQNGPHGSQHPIDFQHVDHRHLSSNEPQVRSHQYGPQQQPPQQ","active",50
"Age2p_249_298",0.016,"FFTSTTPQPCNTPSPFVNTGITATNNNSMNSNSSSNISLDDNELFKNVWS","active",50
"Akl1p_637_686",-0.055,"SQRNFYTGRDRSNKPMQLGGTIAGDSGNRRVNFQNISQNYATNSQSGYLP","active",50
"Aly2p_225_274",-0.154,"SVSHHNYKPTTTSIFSDLLNNTFTHNDAASHHGHHIPTSSNHLAMTSNNF","active",50
"App1p_41_90",-0.045,"DVYIPNLTSSISQKTMDGIRSTTNSFEGYNDLPMELPHNTTITYFPTYTT","active",50
"App1p_507_556",-0.286,"PPPLPNRQLPNLDANTYYVPSSQNDYGMYGAFMDKKADEWKRRVMDSIQK","active",50
"Asg1p_759_808",0.292,"SNERDPNNFLSIDIRLDNNGQSNILDATDDVFIRNDGDIPTNSAFDFSSS","active",50
"Ash1p_158_207",-0.261,"RPQQSLPSLRHLQLLPSPLLQENAARFPDTSKRTSNWKTDLTHWCKDTNY","active",50
"Ask10p_892_941",-0.328,"ISQTSSLPGFSYTSLSLPVNSPGSSNSESSSGGYFAIPLHGNNNNNNYTQ","active",50
"Azf1p_101_150",-0.094,"GAYSNLPRLSTSSTHQPPDLSQIGRGFSIVNNLFPQQQQLQNQHRQQQQQ","active",50
"Azf1p_161_210",-0.621,"FKTPSFSTGLTGSSSQYQFLPRNDNTSQPPSKRNSVYLGPNDGPDFEFFS","active",50
"Azf1p_251_300",-0.938,"SGNMNTNADYESFFNTGTNNSNSNQNPYFLSSRNNSLKFNPEDFDFQFKR","active",50
"Azf1p_271_320",-0.533,"SNSNQNPYFLSSRNNSLKFNPEDFDFQFKRRNSFVRGTLDHSSQNAFIPE","active",50
"Azf1p_61_110",-0.323,"SISYYTNFNQPRYSTDASINSFLNISDNVPVTSTGGPSSGGAYSNLPRLS","active",50
"Bbp1p_51_100",-0.059,"TNFSMKFGNDSNRRSTNLSRSNSWSGLDSTLHRKYELLPEYNENGFNSIV","active",50
"Bck2p_511_560",-0.219,"TPPYYMTGYTLPSSASASSTPNVLETHNMNFVPSTSTVTSYRPSSNFSSF","active",50
"Bck2p_654_703",0.035,"NSISTTTSNATGNYFQDQDKYTLVNTGLGLSDANLDHFIRSQWKHASRSE","active",50
"Bnr1p_681_730",-0.176,"DSLFQRSTSTINFNIPSMKNITNMQNVSLNSILSELEFSNSLGTQPNYQS","active",50
"Boi2p_458_507",-0.123,"PLLNNTRTSPSPAQLYSWQSPTLSFSGPKRTSYIDQYSSSDSNFNSRSAL","active",50
"Bub1p_448_497",-0.032,"ASRSPTVTAFSKDAINEVFSMFNQHYSTPGALLDGDDTTTSKFNVFENFT","active",50
"Bud9p_191_240",-0.259,"EKLGTRPSSLFYPPPEGTAPYQGPRATVSGNKSTRQTQGTYSFPSMRYGV","active",50
"Caf120p_665_714",0.174,"YLRFQRASVHSESNYNSRKSFTPSDFSNGNEEEHAVLQELNSLTQRINEL","active",50
"Caf120p_895_944",-0.513,"PGPYNQGWNNRPSPSNIYQRPHPSDTQPQAYHLPGNPYSTGNRPNMQAQY","active",50
"Caf120p_945_994",-0.379,"HPQQVPMPILQQPNRPYQPYAMNTHMGSPGGYAGAAPPFQPANVNYNTRP","active",50
"Caf120p_975_1024",-0.184,"GYAGAAPPFQPANVNYNTRPQQPWPTPNSPSAHYRPPPNLNQPQNGSAGY","active",50
"Cat8p_918_967",-0.088,"LNYYNRLMGLPPATTTSLKPLFGSQSKNSLENRQRTPNVKRENPEHEYLY","active",50
"Cbc2p_148_197",-0.17,"FDASRGGFAIPFAERVGVPHSRFDNSSSQSNTNNYIPPPDAMGTFRPGFD","active",50
"Cbf1p_281_330",0.077,"WTLQKLLSEQNASQLASANEKLQEELGNAYKEIEYMKRVLRKEGIEYEDM","active",50
"Cbk1p_11_60",-0.028,"GAPTSGHGYYMSQQQDQQHQQQQQYANEMNPYQQIPRPPAAGFSSNYMKE","active",50
"Cbk1p_221_270",0.032,"YQQQQQQQQQQQHMQIQQQQQQQQQQQQSQSPVQSGFNNGTISNYMYFER","active",50
"Chs1p_211_260",-0.242,"IPQYHDQPFGYNNGYHGLQAKDYYDDPEGGYIDQRGDDYQINSYLGRNGE","active",50
"Chs1p_241_290",-0.002,"YIDQRGDDYQINSYLGRNGEMVDPYDYENSLRHMTPMERREYLHDDSRPV","active",50
"Chs3p_11_60",-0.101,"DYYLNLNQDEESLLRSRHSVGSGAPHRQGSLVRPERSRLNNPDNPHFYYA","active",50
"Cin5p_117_166",-0.353,"IARPVTINNLIPPSLPRLNTYQLRPQLSDTHLNCHFNSNPYTTASHAPFE","active",50
"Cmr2p_3_52",-0.102,"FSIPPTLPLDLQSRLNELIQDYKDENLTRKGYETKRKQLLDKFEISQMRP","active",50
"Cmr3p_53_102",-0.252,"QFYGHNSYKNERECYNSTKINLPPISSLLPNFENNTPPNVDSRVQFPPQQ","active",50
"Csr2p_1038_1087",-0.202,"AYSNMDGLLSQDIFEQETAATLFKRDIVTMNFNNNIFTPRYSPRTFTNTD","active",50
"Csr2p_1058_1107",-0.108,"TLFKRDIVTMNFNNNIFTPRYSPRTFTNTDYNYNDNDNNDNDTEGPGPII","active",50
"Dcp2p_352_401",-0.61,"NVFMSNPQLFATMNGQPFAPFPFMLPLTNNSNSANPIPTPVPPNFNAPPN","active",50
"Dcp2p_872_921",-0.034,"LLNYLKPKPLNDGYENISNKDSSHELLNILHGNKNSSAFNNNVYATDGYS","active",50
"Dcp2p_892_941",-0.055,"DSSHELLNILHGNKNSSAFNNNVYATDGYSLASDNNENSSNKLLNMLQNR","active",50
"Ded1p_41_90",-0.279,"NNNNGGYNGGRGGGSFFSNNRRGGYGNGGFFGGNNGGSRSNGRSGGRWID","active",50
"Def1p_512_561",-0.808,"YQNQFPGYSYPGMFDSQGYAYGQQYQQLAQNNAQTSGNANQYNFQQGYGQ","active",50
"Def1p_598_647",-1.49,"SFMPYYAHFYQQSFPYGQPQYGVAGQYPYQLPKNNYNYYQTQNGQEQQSP","active",50
"Dhh1p_436_485",-0.046,"SYHQQAIPQQQLPSQQQFAIPPQQHHPQFMVPPSHQQQQAYPPPQMPSQQ","active",50
"Dhh1p_457_506",-0.293,"PQQHHPQFMVPPSHQQQQAYPPPQMPSQQGYPPQQEHFMAMPPGQSQPQY","active",50
"Dig1p_225_274",-0.439,"PYVSYPYPMGPRTSIPYAMQGGNARPYEENEYSASNYRNKRVNDSYDSPL","active",50
"Doa4p_422_471",-0.015,"SNLYSISSLSISSSPSPLPLHSPDPVKGNSLPINYPETPHLWKNSETDFM","active",50
"Dsf2p_104_153",0.345,"TLCMPASEFPSLRYRTNPSPTYIQARDRSLIIDNLKEKDSTLRGKYSSGK","active",50
"Dsk2p_303_352",-0.196,"AFDPALLASMFQPPVQASQAEDTRPPEERYEHQLRQLNDMGFFDFDRNVA","active",50
"Ebs1p_742_791",0.081,"PANDVCHQAQRPMQGGLYSSQQPSSMSSLNSAYQNASMPPSASMVSYPYP","active",50
"Ebs1p_835_884",-0.417,"TSAPSSAYAQAQRQMFQQPMQQDVGKYMQFPFDAQSNTDSMRGNSRNNMF","active",50
"Ecm22p_243_292",-0.071,"GRLNSVTNGLQQPQLQQQNQQIPQQQGTQSPFSNIPFDQLAQLNKMGLNF","active",50
"Ecm30p_1116_1165",0.341,"TSNSSSIRTRPNSHHVAPETNNNNSTNGNSNNSSNGGFSFFKWKWGGNNS","active",50
"Ecm30p_772_821",-0.117,"QMGFNRKVQWKDFYQFEEITDLPQVNLYSSANQQHQNQQQGQNDNRGQNQ","active",50
"Ent1p_209_258",-0.291,"RLQDLQRMQQQQGQQQLQQPMYYDIFGNPITPEEYAQFQLQQQQQQQQQQ","active",50
"Ent1p_389_438",-0.052,"FINSQGTGYRQVSDDPNHNPFLNSQYTGLPSTSVVPTQTGYGFGNQSQQQ","active",50
"Ent1p_405_454",-0.164,"NHNPFLNSQYTGLPSTSVVPTQTGYGFGNQSQQQSQNNGSNNRGYTLIDL","active",50
"Ent2p_228_277",-0.496,"QELQRLQKQQQSLSQFQAPLQQQQPQQQPAYYDIFGNPISQDEYLQYQYQ","active",50
"Ent2p_248_297",-0.13,"QQQQPQQQPAYYDIFGNPISQDEYLQYQYQQDQEQAMAQQRWLDQQQEQQ","active",50
"Ent2p_538_587",-0.331,"QPQQQQQPQQQPQYMQNFQQQQPQYAQNFQQQPQYTQNYQQQPQYIQPHQ","active",50
"Epo1p_101_150",-0.719,"YNFEYSNPHMNEIPLMQHNFTKPSLSNNRDNVNGKKASSFTQSSFSNFFK","active",50
"Epo1p_281_330",-0.384,"RFQPNKMVSANYSRSNSLMSGPPGQFRQPQQQRMLPMNNYNNHPGQFQNT","active",50
"Epo1p_361_410",-0.323,"RPFAGHQQISQRQQQQQQQLQLHPMSEGYRTMSLQSQNVPQGFNPWSPND","active",50
"Epo1p_61_110",-0.435,"QQQQQQYYRNGMNEAPIQAPLQQRQIPMQNYSQQQRQQQQYNFEYSNPHM","active",50
"Esl2p_21_70",0.063,"MFLSASQQQRPSATPSFPRLVRNTTANLSLSDFQVLNPSSKRQNSNSVYD","active",50
"Exo84p_460_509",0.255,"RIRESFRYLQSTQQTPGRENNRSPNKNKRRSMGGSITPGRNVTGAMDQYL","active",50
"Fab1p_421_470",-0.404,"ALHYQDDNPGRHHHLDSVPTRYTIRDMDNISHYDTNSNSTLRPHYNTNNS","active",50
"Fip1p_263_312",-0.348,"NNANMSNLNSNMGNSMSGTPNPPAPPMHPSFPPLPMFGSFPPFPMPGMMP","active",50
"Fip1p_278_327",-0.338,"MSGTPNPPAPPMHPSFPPLPMFGSFPPFPMPGMMPPMNQQPNQNQNQNSK","active",50
"Fkh2p_440_489",-0.123,"SSVARQLQLHMAKFNSLPMEMDYRLSLNMAQPPKRQLQSHNVLEPSNNNI","active",50
"Fmp16p_11_60",0.334,"RQLMRKSPRASFSIVTRAAFPHLKNNQDEAEKKEQGLFDSNKKRLDTLEH","active",50
"Fpk1p_231_280",-0.294,"GFSSNNPFRERAGTVRSSNPYFAYQGLPTHAMSSHDLDEGFQPYANGSGI","active",50
"Fpk1p_251_300",-0.301,"YFAYQGLPTHAMSSHDLDEGFQPYANGSGIHFLSTPTSKTNSLTNTKNLS","active",50
"Fpk1p_844_893",-0.406,"DPFHDFNSMSLMEQDNNSMIYGNTNSYGKIAYTPNSNRSRSNSHRTFFKR","active",50
"Frk1p_544_593",0.054,"TSYHPGSYTTPPYNSNTLSIYEINEKAKSSASSQTLNQRDTSPFDSTPYL","active",50
"Fub1p_171_220",-0.326,"LYPVGTSHPDWSGGLPNPLGNPSSQGGMIFDPNRRPAPRREDMPPGWMPG","active",50
"Gac1p_557_606",-0.202,"TFTTANLFNHSLNSLMPEISTPSFFGGFRNENTINNNDSKNLVTSLEDSY","active",50
"Gal83p_211_260",-0.305,"HRFRFIVDNELRFSDYLPTATDQMGNFVNYMEVSAPPDWGNEPQQHLAEK","active",50
"Gat1p_204_253",0.328,"IFTNNLPFLNNNSINNNHSHNSSHNNNSPSIANNTNANTNTNTSASTNTN","active",50
"Gat1p_461_510",-0.212,"NASTSSFNNEAFWKPLDSAIDHHSGDTNPNSNMNTTPNGNLSLDWLNLNL","active",50
"Gat2p_291_340",-0.11,"SSPFSNKIKLPSLQELTDSISTQHLPTFYDNKRHASDTDLKSSTLHGPLY","active",50
"Gat2p_31_80",-0.311,"HSAPRVDPLHSTVTINSPLPLQHYNGPNAHINSANNNYAYYYHHPNNNDN","active",50
"Gat2p_51_100",0.07,"LQHYNGPNAHINSANNNYAYYYHHPNNNDNNNHSNNTIKNNNINSVLPAV","active",50
"Gcr2p_330_379",-0.135,"MLFDPSLSQQLQKRLQTLSQDVNSRSLTGYYTQPTSPGSGGFEFGLSHAD","active",50
"Gis1p_706_755",-0.004,"RSPLGVSNPLMYSSTINDYSNGTGIRQNSNNINPLDAGPSFSPLHKKPKI","active",50
"Gln3p_168_217",0.066,"YNHGSLGNSVSKSSLFPYNSSTSNSNINQPSINNNSNTNAQSHHSFNIYK","active",50
"Gln3p_418_467",-0.085,"NNILNVNRGGYNFNSVPSPVLMNSQSYNSSNANFNGASNANLNSNNLMRH","active",50
"Gln3p_538_587",-0.271,"SSPRIISSANFNSNSPLQQNLLSNSFQRQGMNIPRRKMSRNASYSSSFMA","active",50
"Gpb1p_443_492",-0.112,"YQFAIYNNFSPRFGHMQASISNSNNNVSNENTTTSAKGRRSISPYRQGNG","active",50
"Grr1p_1087_1136",-0.098,"NPNFWRQFGNRMQISPDQMRNLQMGLRNQNMVRNNNNNTIDESMPDTAID","active",50
"Grr1p_71_120",-0.085,"EVRDATLNNIFRFDSIQRETLLPTNNGQPLNQNFSLTFQPQQQTNALNGI","active",50
"Hal9p_51_100",-0.317,"QIWSMPVPDQLMTMPNRENTLMTGSTIGPNIPMNVAYPNTIYSPTEHQSQ","active",50
"Hap4p_91_140",0.27,"NTNNILNVGPNSRNSSNNNNNNNIISNRKQASKEKRKIPRHIQTIDEKLI","active",50
"Hlj1p_78_127",-0.266,"RSIYDRIGRDPDDRQMPSRGAASGFRGSAGGSPMGGGFEDMFFNSRFGGQ","active",50
"Hms1p_81_130",-0.432,"AYYAPFQHPIHLQPPVPPVYKNNTYSATDQYSDSSFPNTSGHTPVIDSNY","active",50
"Hot1p_141_190",0.023,"TGRMLSQSLTNDSPSNEISTDQLKIFQRMDEMSARMIEMEESFNKLSNKI","active",50
"Hpc2p_470_519",0.342,"NGQVIFNLSTLIKEKYHPKSKELAQLKDSKRNLLMQLSDHSNGSLEKEKD","active",50
"Hrd1p_455_504",-0.24,"DIRIVPTQNIDTLAMRTRSTSTPSPTWYTFPLHKTGDNSVGSSRSAYEFL","active",50
"Hrk1p_81_130",-0.121,"HSNATSISTNNYNNNYETNHHHNISHGLHDYTSPASPKQTHSMAELKRFF","active",50
"Hrp1p_341_390",-1.176,"RRGGNFGNQGDFNQMYQNPMMGGYNPMMNPQAMTDYYQKMQEYYQQMQKQ","active",50
"Hrp1p_381_430",-0.307,"QEYYQQMQKQTGMDYTQMYQQQMQQMAMMMPGFAMPPNAMTLNQPQQDSN","active",50
"Hrr25p_444_493",-0.066,"QVPMATTRATQYPPQINSNNFNTNQASVPPQMRSNPQQPPQDKPAGQSIW","active",50
"Hse1p_403_452",-0.152,"QRQSYQSNEYSPYPSNLPIQHPTNSANNTPQYGYDLGYSVVSQPPPGYEQ","active",50
"Hsf1p_101_150",-0.132,"IYQTNLYGHNSRENTNPNSTLLSSKLLAHPPVPYGQNPDLLQHAVYRAQP","active",50
"Hsf1p_131_180",-0.15,"PVPYGQNPDLLQHAVYRAQPSSGTTNAQPRQTTRRYQSHKSRPAFVNKLW","active",50
"Hsf1p_487_536",0.234,"TNRKKNIDENIKNNNDIINDIIFNTNLANNLSNYNSNNNAGSPIRPYKQR","active",50
"Hsp42p_41_90",-1.154,"PHYGQVHVGGHHPRHHPLYSRYNGVPNTYYYQFPGQAYYYSPEYGYDDED","active",50
"Hsp42p_61_110",0.064,"RYNGVPNTYYYQFPGQAYYYSPEYGYDDEDGEEEDQDEDMVGDSGTTRQE","active",50
"Hua1p_61_110",-0.2,"YAHSHSYTPTSSQPRPPPRPQQNPSLPWTYPPRFYCSKCGNTGYKLKNGR","active",50
"Ies2p_271_320",0.115,"KRAGKSRSHLPNDDEKNDGSSSFVKPRRPYNSEGMTRILRRYEEDLFCTF","active",50
"Ime1p_188_237",-0.744,"ENFEFNEFPYTQDFYPYTTNYTYSKPTNIHESINSKNTDSYSQYQDQFPP","active",50
"Ime4p_551_600",-0.307,"QQYWNNMDMGSGKYYAEAKQNPMNQKHTPFESKQQQKQQFQTLNNLYFAQ","active",50
"Ino2p_124_173",0.148,"SNAIEQFLDNLISQDMMSSNASMNSESHLHIRSPKKQHRYTELNQRYPET","active",50
"Ixr1p_121_170",-0.798,"NSNSNSNNNVNVNALPQDFGYMQQTGSGQNYPTINQQQFSEFYNSFLSHL","active",50
"Ixr1p_231_280",-0.177,"ASYLSQLPQVQRYYPNNMNALSSLLDPSSAGNAAGNANTATHPGLLPPNL","active",50
"Jsn1p_461_510",-0.137,"QLFNGAVTFQQQGNVSIPVFNQQSQQSQHQNHSSGSAGFSNVLHGYNNNN","active",50
"Jsn1p_983_1032",-1.133,"PLNANSNSSMGYFSYPGVFPVSGFSGNASNGYAMNNDDLSSQFDMLNFNN","active",50
"Kic1p_396_445",-0.368,"AYPDEDSYYFDPTSHNTRPFVYQGTTIGKGYPGTIAQNSTLNAPVTNNYT","active",50
"Kog1p_1104_1153",-0.33,"SKKGPSGLYLLNGNNNIYPTAETPRFRKHTEPLQLPLNSSFLDYSREYFQ","active",50
"Kog1p_1134_1183",-0.205,"EPLQLPLNSSFLDYSREYFQEPQMKKQEADEPGSVEYNARLWRRNRNETI","active",50
"Krs1p_71_120",0.059,"SQYFETRSRQIQELRKTHEPNPYPHKFHVSISNPEFLAKYAHLKKGETLP","active",50
"Ksp1p_490_539",-0.227,"LKKSRKPLGIPTPNTHMNNFFHDYKARDEFNTRDFFTPPSVQHRYMEGFS","active",50
"Ksp1p_510_559",-0.808,"FHDYKARDEFNTRDFFTPPSVQHRYMEGFSNNNNKQYRQNRNYNNNNNNS","active",50
"Ksp1p_530_579",0.107,"VQHRYMEGFSNNNNKQYRQNRNYNNNNNNSNNNHGSNYNNFNNGNSYIKG","active",50
"Las17p_266_315",-0.121,"QPQSNPFPFPIPEIPSTQSATNPFPFPVPQQQFNQAPSMGIPQQNRPLPQ","active",50
"Lee1p_252_301",-0.232,"IWQEQGQTTLSNPSVNQNLRYRTGPAIQEESDNEIEDLLIHNFNSRYCHE","active",50
"Lge1p_191_240",-0.178,"YPYSSSHTYNNYHHRETPPPPPSNGYYAKGYPVHVPENRSNSDGSSSSVV","active",50
"Lge1p_31_80",-0.724,"GGAGGSYYRGGNASYGARYNSDYEQPPQEGDLRQTGAYYRNGYTDTRPYY","active",50
"Lge1p_61_110",-0.686,"DLRQTGAYYRNGYTDTRPYYSANSRHYQAQPSPRYNNGTNSYHLPQRGNS","active",50
"Lsb1p_141_190",-0.965,"AASQYPSQQVSAPYAPPAGYMQAPPPQQQQAPLPYPPPFTNYYQQPQQQY","active",50
"Lsm4p_117_166",0.327,"NNRGNYNRRNNNNGNSNRRPYSQNRQYNNSNSSNINNSINSINSNNQNMN","active",50
"Lst4p_495_544",-0.369,"LSSSISSQPGSYGSWFNKRPTISQFFQPSPSLKHNESWERLQTTAGNMQR","active",50
"Maf1p_81_130",-0.06,"SPFYSNRRDSNSFWEQKRRISFSEYNSNNNTNNSNGNSSNNNNYSGPNGS","active",50
"Mca1p_1_50",-0.772,"MYPGSGRYTYNNAGGNNGYQRPMAPPPNQQYGQQYGQQYEQQYGQQYGQQ","active",50
"Mca1p_31_80",-0.714,"YGQQYGQQYEQQYGQQYGQQNDQQFSQQYAPPPGPPPMAYNRPVYPPPQF","active",50
"Mca1p_91_140",0.067,"NGYNNPNVNASNMYGPPQNMSLPPPQTQTIQGTDQPYQYSQCTGRRKALI","active",50
"Met4p_207_256",-0.094,"FLTSQYDQSKSRFSSKNKRNGNNGETNNFGDNMQNNHPFEPNFMGSPSQF","active",50
"Mga1p_271_320",-0.374,"NYPMPYHPGAFAQQQQQQQQPLPTVPPYSSYSTPFPSMMNSLSNSASNSP","active",50
"Mga2p_407_456",0.099,"KNVPFPYSISQQTDLLQNNNLSLNLSLPNQHIPSPTSMSEEGSESFNYHH","active",50
"Mhp1p_231_280",-0.556,"HPQSYYHGRMRTYHSPEEGKVDGTSPADDHNYGGSRPDPRLMDFLRYYKS","active",50
"Mhp1p_421_470",-0.099,"LWSSSSMEFDPSKITTVPGLENIRPLKHVSFATNTYFNDPPQQICSKNPR","active",50
"Mit1p_283_332",-0.139,"NYYYKNDESSGYPITQFAPALPSTTLMYTANPPYITQSPDNTNATGMNTH","active",50
"Mit1p_363_412",-0.333,"NNNNINNINNVNTNAGNGNNPNRFHNASFAYNTTGDFINPQQQGQISYPF","active",50
"Mit1p_383_432",-0.788,"PNRFHNASFAYNTTGDFINPQQQGQISYPFYYTTIPINNPNYYTTQPPNP","active",50
"Mit1p_543_592",-0.251,"ATSTNSGTMLSNPAYANSQYTPSQVYYQGFPQYAMASAQNPSMYQHQHQH","active",50
"Mot3p_161_210",-0.725,"NQFTAAANMNSNAAAAAYYSFPTANMPIPQQDQQYMFNPASYISHYYSAV","active",50
"Mot3p_191_240",-0.226,"QDQQYMFNPASYISHYYSAVNSNNNGNNAANNGSNNSSHSAPAPAPGPPH","active",50
"Mot3p_261_310",-0.263,"NNAPQHHPTIITDQFQFQLQQNPSPNLNLNINPAQPLHLPPGWKINTMPQ","active",50
"Mot3p_51_100",-0.341,"DSLASQPFNTTTVSSNKDDVMVNSGARELPMPLHQQQYIYPYYQYTSNNS","active",50
"Mpe1p_176_225",0.177,"PPPGYMCYRCGGRDHWIKNCPTNSDPNFEGKRIRRTTGIPKKFLKSIEID","active",50
"Mpt5p_660_709",-0.099,"HFSLPANAYHRRSNSSVTNNFSNQYAQDQKIHSPQQIMNFNQNAYPSMGA","active",50
"Mpt5p_680_729",-0.196,"FSNQYAQDQKIHSPQQIMNFNQNAYPSMGAPSFNSQTNPPLVSHNSLQNF","active",50
"Mpt5p_720_769",-0.207,"LVSHNSLQNFDNRQFANLMAHPNSAAPIHSFSSSNITNVNPNVSRGFKQP","active",50
"Mpt5p_750_799",-0.021,"FSSSNITNVNPNVSRGFKQPGFMMNETDKINANHFSPYSNANSQNFNESF","active",50
"Mpt5p_780_829",-0.528,"NANHFSPYSNANSQNFNESFVPRMQYQTEGANWDSSLSMKSQHIGQGPYN","active",50
"Mrn1p_1_50",-0.139,"MVVSYNNNNNNNNNNNNNNISNNNNNNNMFPPFPSSDDFAMYQQSSSSGP","active",50
"Mrn1p_41_90",-1.037,"MYQQSSSSGPYQETYASGPQNFGDAVYPMNGNFTLLPSDFTREPNDSFFY","active",50
"Mrn1p_61_110",-0.56,"NFGDAVYPMNGNFTLLPSDFTREPNDSFFYENDGIFDYQRIQQQPTQFQT","active",50
"Msa2p_194_243",0.043,"LLENFTSPNTTADSQGNSASNIINNNHGSANNTNQFLFNLPLQSSPRQFR","active",50
"Msb1p_870_919",-0.108,"FSTNSAGFKQNTINVPVGYNDPAHVLANQPHMTYRDQHNYPSHQQKQRPF","active",50
"Msb1p_960_1009",-0.051,"LYQQMERMNPNHQHPVNTYKVTQPPYHNNTTNAYGNSRAGNAHMLDGKWS","active",50
"Msc3p_151_200",0.707,"SRANSITVKTTQVTDPSGRTQSITKKTIRKINGYEYVETTTTTKNLVPLG","active",50
"Msn2p_208_257",-0.131,"SNLFIDTNPNNLNEKLRNQLNSDTNSYSNSISNSNSNSTGNLNSSYFNSL","active",50
"Msn2p_528_577",0.065,"PNFDLSITQMNMAPLSPASSSSTSLATNHFYHHFPQQGHHTMNSKIGSSL","active",50
"Mss11p_363_412",-0.458,"QFNAQTQSSMFSDQQRFFQYQLHHQNQGQAPSFQQSQSGRFDDMNAMKMF","active",50
"Mtc4p_193_242",-0.082,"TSHWEELVDPQGKLWFQSYSPSNESSGSSSSRRHHGHHIHPRRHLQHHSR","active",50
"Mtr2p_96_145",-0.16,"CNVNCKVRFDESGRDKMGQDATVPIQPNNTGNRNRPNDMNKPRPLWGPYF","active",50
"Mud2p_151_200",-0.335,"FNYQRKNEGSKFNGDRDKRQLQTNKYDMNYNSQNVMYPGSSFDSPAYYNM","active",50
"Mud2p_71_120",-0.019,"SSIITMSTNRTTYEQTRAGPHRQSYRDASGRSYNRENRYSSHNTGPQWNN","active",50
"Mum2p_1_50",-0.149,"MNYMAYDYDPQHSLETSFNNLAFHPHQQSQQQALYESGERNDARPGLMNT","active",50
"Mum2p_81_130",-0.471,"TNFNMPPSMNTYNYQNVPQASMRNTLNHNNIMNGATANDYWLDPMNNMTN","active",50
"Nab3p_201_250",-0.221,"TNMENVNYDLLQKQVKYIMDSNMLNLPQFQHLPQEEKMSAILAMLNSNSD","active",50
"Nab3p_567_616",-0.853,"HQQNIYGAPPLPVPNGPAVGPPPQTNYYQGYSMPPPQQQQQQPYGNYGMP","active",50
"Nab3p_607_656",-0.584,"QQPYGNYGMPPPSHDQGYGSQPPIPMNQSYGRYQTSIPPPPPQQQIPQGY","active",50
"Nab6p_16_65",-0.419,"RQQQDYNGMNAMVGNPMMYHPVDFVNGAGQYGPSQHPAYYTNSPLPNIPP","active",50
"Naf1p_335_384",-0.446,"ATSNRNGSSPVPITQHHQQQFSANNYPFPQQPNGMPYPPYSPFPQPTNFQ","active",50
"Naf1p_375_424",-0.991,"SPFPQPTNFQYPPPPFGQATPAQFSNTVPYGSLPPAYNNMSPPTQQSFMP","active",50
"Naf1p_395_444",-0.441,"PAQFSNTVPYGSLPPAYNNMSPPTQQSFMPMTQSQPPLPYGVPPMNQMQN","active",50
"Ndd1p_31_80",-0.261,"DTNFLKVMSEFKYNFNSPLPTTTQFPTPYSSNQYQQTQDHFANTDAHNSS","active",50
"New1p_31_80",-0.071,"FKNPAADAGSNNASKKSSYQQQRNWKQGGNYQQGGYQSYNSNYNNYNNYN","active",50
"Ngr1p_470_519",-0.708,"ILEQYAEDKRRLFLHQQQQQQQQQQQDGNFSMEQMAHNNYYNYNNYDYHR","active",50
"Ngr1p_490_539",-0.346,"QQQQQQDGNFSMEQMAHNNYYNYNNYDYHRNKNGSHSDLVNLQRSNVPYM","active",50
"Ngr1p_510_559",-0.565,"YNYNNYDYHRNKNGSHSDLVNLQRSNVPYMQEDGALYPHQYSSPSYSLHP","active",50
"Nhx1p_584_633",0.039,"DKLGTIFNSDSQWFQNFDEQVLKPVFLDNVSPSLQDSATQSPADFSSQNH","active",50
"Nop7p_428_477",0.2,"QPQWIFDCINKGELVPANKYLPGEALPPHLSPWGDAIGYDPTAPVEEGEE","active",50
"Npl3p_305_354",-0.569,"FSRGGFGGPRGGFGGPRGGYGGYSRGGYGGYSRGGYGGSRGGYDSPRGGY","active",50
"Npl3p_325_374",-0.421,"GGYSRGGYGGYSRGGYGGSRGGYDSPRGGYDSPRGGYSRGGYGGPRNDYG","active",50
"Npl3p_345_394",-0.226,"GGYDSPRGGYDSPRGGYSRGGYGGPRNDYGPPRGSYGGSRGGYDGPRGDY","active",50
"Nup100p_121_170",-0.017,"AFNNNSNSTNSPFGFNKPNTGGTLFGSQNNNSAGTSSLFGGQSTSTTGTF","active",50
"Nup100p_141_190",-0.091,"GGTLFGSQNNNSAGTSSLFGGQSTSTTGTFGNTGSSFGTGLNGNGSNIFG","active",50
"Nup100p_201_250",0.25,"GSLFGNQQSSAFGTNNQQGSLFGQQSQNTNNAFGNQNQLGGSSFGSKPVG","active",50
"Nup100p_221_270",0.085,"LFGQQSQNTNNAFGNQNQLGGSSFGSKPVGSGSLFGQSNNTLGNTTNNRN","active",50
"Nup100p_271_320",-0.03,"GLFGQMNSSNQGSSNSGLFGQNSMNSSTQGVFGQNNNQMQINGNNNNSLF","active",50
"Nup100p_31_80",0.217,"PNSLFGNSNNNNNSTSNNAQSGFGGFTSAAGSNSNSLFGNNNTQNNGAFG","active",50
"Nup100p_311_360",-0.147,"INGNNNNSLFGKANTFSNSASGGLFGQNNQQQGSGLFGQNSQTSGSSGLF","active",50
"Nup100p_91_140",-0.103,"FGSLNSSNASNGNTFGGSSSMGSFGGNTNNAFNNNSNSTNSPFGFNKPNT","active",50
"Nup116p_140_189",-0.305,"QSITCMPEYRNFSFEELRFQDYQAGRKFGTSQNGTGTTFNNPQGTTNTGF","active",50
"Nup116p_260_309",-0.039,"LFGNTTNNPTNGTNNTGLFGQQNSNTNGGLFGQQQNSFGANNVSNGGAFG","active",50
"Nup116p_360_409",-0.217,"LFGQSAGSKAFGMNTNPTGTTGGLFGQTNQQQSGGGLFGQQQNSNAGGLF","active",50
"Nup116p_51_100",-0.126,"APAFGNFGNQTSNSPFGMSGSTTANGTPFGQSQLTNNNASGSIFGGMGNN","active",50
"Nup159p_703_752",-0.361,"AFDFGSSSFGSGFSKALESVGSDTTFKFGTQASPFSSQLGNKSPFSSFTK","active",50
"Nup42p_201_250",0.011,"AFGKPTFGAATNTQSPFGTIQNTSTSSGTGVSPFGTFGTNSNNKSPFSNL","active",50
"Nup49p_1_50",-0.056,"MFGLNKASSTPAGGLFGQASGASTGNANTGFSFGGTQTGQNTGPSTGGLF","active",50
"Nup49p_101_150",-0.278,"GLFGANSNSNSGSLFGSNNAQTSRGLFGNNNTNNINNSSSGMNNASAGLF","active",50
"Nup57p_1_50",-0.136,"MFGFSGSNNGFGNKPAGSTGFSFGQNNNNTNTQPSASGFGFGGSQPNSGT","active",50
"Nup57p_101_150",0.162,"GTGLFGQQTAQPQQSTIGGGLFGNKPTTTTGGLFGNSAQNNSTTSGGLFG","active",50
"Nur1p_346_395",0.181,"REVYNYEKREFEALPKMTESVPGSRETRIKDYGGISQVSDHQSHPIGFHY","active",50
"Nvj1p_272_321",0.1,"SFPISFKGSIDLKSLNQPSSLLHIQVSPTKSSNLDAQVNTEQAYSQPFRY","active",50
"Opy1p_31_80",-0.311,"TPTAQSSSGNNGAADGAPQGYHHHHHHHRHLWWPRTTDHQYWCVLRKNQF","active",50
"Pab1p_413_462",-0.767,"ARNQMRYQQATAAAAAAAAGMPGQFMPPMFYGVMPPRGVPFNGPNPQQMN","active",50
"Pab1p_443_492",-0.495,"YGVMPPRGVPFNGPNPQQMNPMGGMPKNGMPPQFRNGPVYGVPPQGGFPR","active",50
"Pam1p_625_674",-0.031,"SVMPNIGYVPGLTNNEYGRKFNGNGMNGTQSRLNSLSNQSTFRSQQGPPI","active",50
"Pan1p_151_200",0.12,"YQAANTANVHSVQPLQSQGTGYYVSTPNLISSNQTQQPLQAQGTGYYQSQ","active",50
"Pan1p_486_535",-0.138,"TTGMMPQTSFGVNLGPQLTGGALQSQYTGGYGSVMPQQSGPASMPNLSFN","active",50
"Par32p_241_290",0.482,"AGNIISPKSSRNTINHNLNDDDEDKFNLKDDNGKEKKKKKKKKSGFFSSL","active",50
"Pat1p_151_200",-0.256,"QRQMQQQFMNFHAMGHPQGLPQGPPQQQFPMQPASGQPGPSQFAPPPPPP","active",50
"Pbp1p_503_552",-0.275,"FIKSKEAHDEKKKGDDASENMEPFFIEKPYFTAPTWLNTIEESYKTFFPD","active",50
"Pbp1p_604_653",-0.545,"PMMNGFAAGSMGMYMPFQPQPMFYHPSMPQMMPVMGSNGAEEGGGNISPH","active",50
"Pdr1p_1017_1066",-0.432,"NNNKNNINNINNNNSNNFSATSFNLGTLDEFVNNGDLEDLYSILWSDVYP","active",50
"Pex5p_151_200",-0.091,"ASSRFQYPNTMMNNYAYASMNSLSGSRLQSPAFMNQQQSGRSKEGVNEQE","active",50
"Pfs2p_1_50",-0.11,"MDGHNQNQYQNQNQIQQSQQPPLKKYVTQRRSVDVSSPYINLYYNRRHGL","active",50
"Pho81p_235_284",0.196,"NNNNNNNNNNNNNNILHNNYELTTSKISENQLEHLFQASSSSLDMEMEIE","active",50
"Pho87p_5_54",-0.381,"HFLKYNAVPEWQNHYLDYNELKNLIYTLQTDELKQETPTGDLNDDADSQT","active",50
"Pho92p_67_116",0.011,"KKENKEEITHENYTHQINSIPLTSSNLNRHFSFSRDYNQSDNSNNNYYRE","active",50
"Pig2p_11_60",-0.166,"LMDEPLNLPNNSAHNNNYGNINANIRTFAGMSMHMHPARLNSLEFLHKPR","active",50
"Pil1p_1_50",0.218,"MHRTYSLRNSRAPTASQLQNPPPPPSTTKGRFFGKGGLAYSFRRSAAGAF","active",50
"Pin2p_226_275",-0.889,"FDISDYGENYYYDNNNINNNLQGNSYNTPSSNHRSPYPTENYQSYQGYKP","active",50
"Pin4p_610_659",-0.486,"NFSYQSYHDESMLSAHNLNSADLIYKSLSHSGLDDGLEQGLNRSLSGLDL","active",50
"Pip2p_926_975",-0.242,"NRAAPNLNFMPINNNYNNSGSNINNNDNVKLPSNFKNYYDPPMSSLDISM","active",50
"Pog1p_172_221",-0.397,"HRRYRSDIPTVSEVETGVGYPQIHQQPGAYTLPMPANQWMSNPYMQPPQP","active",50
"Pog1p_262_311",-0.138,"SLNQHGLYQQNIGAHPVMSMGPQANIYGQQHQLQPGQERDQSRKSFSHRR","active",50
"Pom152p_1_50",-0.108,"MEHRYNVFNDTPRGNHWMGSSVSGSPRPSYSSRPNVNTTRRFQYSDDEPA","active",50
"Psk1p_235_284",-0.265,"GTPVFPNLDPTHSQTFHRANSLAYLPSILPEQDPLLKHNNSLFRGDYGNN","active",50
"Psk1p_255_304",-0.073,"SLAYLPSILPEQDPLLKHNNSLFRGDYGNNISPERPSFRQPFKDQTSNLR","active",50
"Psp1p_131_180",0.112,"MSAPPISSNNNNLNSTQMGNYQAQQRSFPQFNGNSFHSNGNDLMGNRMDS","active",50
"Psp1p_191_240",-0.123,"IGFTSNSGSNFAAPSHSAGNPSSMNNQQVPSFNWQQPSHPESTIRRSSYI","active",50
"Psp1p_271_320",0.144,"FNSRFNYDNLNSTHLTAKGVPEFGNGVQPPYPYDNEPNNASISNSNNNNN","active",50
"Psp1p_61_110",-0.779,"NNLRNSIKSAGNGMENRRTFDDIDFMGRFPYLPPVPNQQQQPFSHQNGFI","active",50
"Psp1p_81_130",-0.124,"DDIDFMGRFPYLPPVPNQQQQPFSHQNGFIQEHPSSNLTSFQMSSSNSEP","active",50
"Psp2p_61_110",-0.536,"RDGHQQHPHGGHGPMNRSRFSNAGPFGGGSMGDFANHHHPLQHQQGPPYI","active",50
"Pti1p_293_342",-0.262,"EVSNNPNNMPLNVAMPMPMSTPPFIPLPLQQQPFGFAPPGPFMPPAQGPS","active",50
"Ptk2p_171_220",-0.264,"SMASHHFPNENIVYNPYGISPNHARPDTAFADTLNTNKENDLSFYMHDGN","active",50
"Pub1p_238_287",0.09,"AAKRDNNNNNNYQQRRNYGNNNRGGFRQYNSNNNNNMNMGMNMNMNMNMN","active",50
"Puf2p_435_484",-0.292,"YQLQQSLQQPELQQQPTSFNQPNLTYCNPTQNLSHLQLSSNENEPYPFPL","active",50
"Puf2p_966_1015",-0.029,"ELNSQFDSFRIANGTNLSLPIVNLPNVSNNNNNYNNSGYSSQMNPLSRSV","active",50
"Puf3p_273_322",-0.361,"VFRPSNNPAAVGATNVALPNQQDGPANNNFPPYMNGFPPNQFHQGPHYQN","active",50
"Puf3p_303_352",-0.13,"PPYMNGFPPNQFHQGPHYQNFPNYLIGSPSNFISQMISVQIPANEDTEDS","active",50
"Puf3p_373_422",-0.086,"PNNSPFPFAYPNPMMFMPPPPLSAPQQQQQQQQQQQQEDQQQQQQQENPY","active",50
"Puf4p_301_350",-0.786,"PTTYGAAYPYGGPLLQPNPIMPGHPHNISSPIYGIRSPFPNSYEMGAQFQ","active",50
"Puf4p_321_370",-0.469,"MPGHPHNISSPIYGIRSPFPNSYEMGAQFQPFSPILNPTSHSLNANSPIP","active",50
"Puf4p_51_100",-1.02,"QDSQFANGPPSQMFPHPQMMGGMGFMPYSQMMQVPHNPCPFFPPPDFNDP","active",50
"Puf4p_71_120",-0.758,"GGMGFMPYSQMMQVPHNPCPFFPPPDFNDPTAPLSSSPLNAGGPPMLFKN","active",50
"Rap1p_493_542",-0.185,"RNMTMDPNHVPGSEPNFAAYRTQSRRGPIAREFFKHFAEEHAAHTENAWR","active",50
"Rap1p_548_597",-0.029,"FLLAYGIDDYISYYEAEKAQNREPEPMKNLTNRPKRPGVPTPGNYNSAAK","active",50
"Rat1p_919_968",-0.882,"GGYRAFFYFAELSRNNVQPAHNYGRNSYNSQPGFNNSRYDGGNNNYRQNS","active",50
"Rbs1p_283_332",-0.282,"RRNKENGGYQSGYSSPYLVYPPPQMGGNSLPTYPLMYNPAGPAPGPAPSP","active",50
"Rbs1p_362_411",-1.243,"PMYPPYQYQYQYQYNTQYHSGPYSNTPSYNSNNYTRSSANKYHHFQGKNS","active",50
"Rec114p_159_208",0.147,"VCFTEGPKVSSYTNPNTQFQTQNMIMDFSQRYQEESERESNNRSNITLPH","active",50
"Rga1p_537_586",0.088,"SMYRTPPLDSSLTFDRRNGSSYSNQNYSIPSWQKTPKTQLENSDNFEEQK","active",50
"Rgt1p_308_357",-0.52,"QQQSQPQAHQQKLQQGQNLYSYSQFSQQQPYNPSISSFGQFAANGFHSRQ","active",50
"Rim4p_432_481",-0.059,"NGGSNFNHHQFFSTRSGKTFTGPELNLAPPPINMYRKMSGGSQQESETMM","active",50
"Rim4p_482_531",-0.475,"PYMPMGPMPMGPPPPNAASLSDFDMFPPSYSTFMKGMMPLRRKSMPNSWS","active",50
"Rim4p_602_651",-1.223,"YARRSSYGYNEVPPKPYYFQPYYYHPMQYHMGPMGPLHPSQGSAGNHHPY","active",50
"Rim4p_622_671",-0.667,"PYYYHPMQYHMGPMGPLHPSQGSAGNHHPYMMVYPMSPPPPSGLDGSMIP","active",50
"Rlm1p_420_469",-0.629,"YPFGSGSSPLFSATQPYIATPLQPSNIPGGPFQQNTSFLAQRQTQQYQQM","active",50
"Rnq1p_121_170",0.522,"SMLSGSGGGSQSMGASGLAALASQFFKSGNNSQGQGQGQGQGQGQGQGQG","active",50
"Rnq1p_241_290",-0.176,"SQGYNNQQYQGGNGGYQQQQGQSGGAFSSLASMAQSYLGGGQTQSNQQQY","active",50
"Rod1p_589_638",0.008,"ANRYNNIINAGLNSPSLTPSFAHLSRRNSYSRQTSSTSLKNDLELTDLSR","active",50
"Rof1p_304_353",-0.078,"CNTYNTLPQQPTAAPYERRGVSPSVIYSSNTLSPIPYQNIDPYSSRSGPE","active",50
"Rox1p_160_209",0.157,"RLPIPSVNTSNYMVSRSLSGLPLTHDKTARDLPQLSSQLNSIPYYSAPHD","active",50
"Rpn4p_21_70",-0.552,"YHTNPGHSQFTSHYQNYHPNASITPYKLVNKNKENNTFTWNHSLQHQNES","active",50
"Rpn4p_51_100",-0.244,"KNKENNTFTWNHSLQHQNESSAASIPPQQTYHFPIFNKYADPTLTTTTSF","active",50
"Rrd1p_306_355",-0.117,"WFGTGFFPWVNIQNGTDLPVFEEKEEESIEQANAGSPGREQTSTRFPTST","active",50
"Rsa1p_21_70",-0.36,"TYSGTLSDGYDESKIKRQKTDSAFNAAYSPHMYPNSPYYEGSWNTGYTPQ","active",50
"Rsa1p_52_101",-1.162,"MYPNSPYYEGSWNTGYTPQLHHVAPHNQYFHPIQPSTQYNYTSPPNYTEN","active",50
"Rsc1p_621_670",0.001,"SIPSSNFRSSSNTPLLHQNFNQTSNFLKLENMNNSSHNLLSHPSVPKFQS","active",50
"Rsf2p_482_531",0.068,"SHHSPFDLGCFSHDKPTVSEFNLPSSFPNTIPSNSTTASNSYSNLANQTY","active",50
"Rsp5p_228_277",-0.351,"YGRLPPGWERRTDNFGRTYYVDHNTRTTTWKRPTLDQTEAERGNQLNANT","active",50
"Rsp5p_368_417",-0.006,"IRTYGPTNTTIQQQPVSQLGPLPSGWEMRLTNTARVYFVDHNTKTTTWDD","active",50
"Rtc1p_31_80",-0.235,"GEFLGSSSSNNSSFRMNHYSNSGQPSVLDSIRRPNLTPTFSYSNGVYMPE","active",50
"Rtc1p_51_100",-0.384,"NSGQPSVLDSIRRPNLTPTFSYSNGVYMPESHRTSSFNDSYLPYDKNPYA","active",50
"Rtg3p_201_250",-0.131,"YSSSFSYNPQSLGPASVSSTYSPKVRSPSSSFRAGSFLSSSFRHGSINTP","active",50
"Rtt102p_11_60",-0.666,"NKVSYYGNPTSKESWRYDWYQPSKVSSNVQQPQQQLGDMENNLEKYPFRY","active",50
"Saf1p_308_357",-0.039,"TMPSMGPHENIYSQIEMLERSANKAVPGNNHIRRMFARNSFPLYSGRDEN","active",50
"Sap1p_119_168",0.145,"DMPSSKTYTNHSSSFTRSTEPPPVFQMVPGRMMKTLRNRNACGYKTAYSN","active",50
"Scd5p_21_70",-0.376,"KRPSNGLGPPSVSFDFGINTAAPHDSSFWDQGSRSHSDTTLSYRNNHSNT","active",50
"Scd6p_248_297",-0.132,"SFFDTISTSTETNTNMRWQEEKMLNVDTFGQASARPRFHSRGLGRGRGNY","active",50
"Scd6p_38_87",0.183,"VRCFGTEGRKNWGPEEIYPNPTVYNSVKFNGSEVKDLSILDANINDIQPV","active",50
"Sch9p_729_778",-0.148,"MQAKFAGFTFVDESAIDEHVNNNRKFLQNSYFMEPGSFIPGNPNLPPDED","active",50
"Sdd4p_184_233",-0.615,"FPQQLRAPLQQPMLQQQMHPQQASPTFPSYDPRIRNNGQNGNQFFNLIFD","active",50
"Sdd4p_204_253",0.067,"QQASPTFPSYDPRIRNNGQNGNQFFNLIFDNRTGVNGFEVDAANNNGNGN","active",50
"Sdd4p_224_273",-0.103,"GNQFFNLIFDNRTGVNGFEVDAANNNGNGNDQNMNINPAVQQQRYQDRNF","active",50
"Sds3p_225_274",-0.198,"GSRQGSQFPHFNNLTYKSGMNSDSDFLQGINEGTDLYAFLFGEKNPKDNA","active",50
"Sec9p_141_190",-0.145,"GSVNAAPYGDYGGGYNGTSLNSYNNDGPYSNQNTSNSWVNANGRNSLNHS","active",50
"Sen2p_75_124",-0.207,"LWNNGFFGTGQFSRSEPTWKARTEARLGLNDTPLHNRGGTKSNTETEMTL","active",50
"Set1p_1_50",-0.51,"MSNYYRRAHASSGSYRQPQEQPQYSRSGHYQYSNGHSHQQYSSQYNQRRR","active",50
"Set1p_41_90",0.023,"YSSQYNQRRRYNHNDGTRRRYNDDRPHSSNNASTRQYYATNNSQSGPYVN","active",50
"Sfl1p_454_503",-0.291,"QQHVTYAKQPAHVPNFINQPIPIQQLPPQYADTFSTPQMMHNPFASKNNN","active",50
"Sgf73p_425_474",0.276,"TDYKFRVRTPQPINHLTNQNLNPKQIQRLQQQRALQAQLLSQQQQQQQQQ","active",50
"Sgn1p_151_200",-1.825,"NSQNQYFQQWQWNYPLMAYPNPDTFPYYPPYPPNQSPNQNFGYNKNNYYR","active",50
"Sin3p_516_565",-0.419,"QQQQFLYPASGYYGHPSNRGIPQQNLPPIGSFSPPTNGSTVHEAYQDQQH","active",50
"Sis1p_111_160",-1.074,"AFNIFSQFFGGSSPFGGADDSGFSFSSYPSGGGAGMGGMPGGMGGMHGGM","active",50
"Sis1p_77_126",-0.73,"PSFGPGGPGGAGGAGGFPGGAGGFSGGHAFSNEDAFNIFSQFFGGSSPFG","active",50
"Skg3p_911_960",-0.066,"NSSMYSFQSSQHRFHSSQQRQNQSLSFRNNTYGSGNNQNTFHPSPQLQQQ","active",50
"Skg6p_493_542",-0.518,"QYQQQEQSPVYNGHTQYPGNGYSGNPQQQGYTAQFVQNPQWYGVPTPQQQ","active",50
"Skg6p_513_562",-0.233,"GYSGNPQQQGYTAQFVQNPQWYGVPTPQQQQHNHPQTLETIGELPTPAYL","active",50
"Skn1p_101_150",0.425,"KNSPERNGQRMSDYKGYYAKTNLTSANNLNNHNNNNYKNIISSSNDNSFA","active",50
"Sla1p_1195_1244",-0.472,"MNTFNTGGAMQQPQQQALQNQPTGFGFGNGPQQSRQANIFNATASNPFGF","active",50
"Smi1p_1_50",0.072,"MDLFKRKVKEWVYSLSTDDHYAEYNPDETPTFNMGKRLNSNNGQVNPSQM","active",50
"Smp1p_199_248",-0.051,"DQQHVANEAIHRNFMNKRIRPDTHLLLSESNHSNYHNFYPSPYENLPKPS","active",50
"Smp1p_232_281",-0.229,"NYHNFYPSPYENLPKPSLPASLVGNIPSFQSQFVQVIPANSNPMGKGFNG","active",50
"Sna4p_69_118",-0.161,"AEYVYYYQQGWVDSERNVPSNRPQNSQTPQNRPQQGSSARNVYPSVETPL","active",50
"Snt1p_1176_1225",-0.056,"PTFPLPAPRTSPISRAPPKFNFSNDPLAALAAVASAPDAMSSFLSKKENN","active",50
"Snt1p_211_260",-0.398,"SPHSYYSRSNKWRSIGTPSRPPFDNHVGNMTTTSNTNSIHQREPFWKANS","active",50
"Sok2p_31_80",-0.699,"STIGQSTQQQQQQQQYLGQSVQPLMPVSYQYVVPEQWPYPQYYQQPQSQS","active",50
"Sok2p_61_110",-0.294,"YVVPEQWPYPQYYQQPQSQSQQQLQSQPQMYQVQESFQSSGSDSNASNPP","active",50
"Spc25p_42_91",-0.292,"EMRQLHNQHQHLIDELQRLATQRTALQQQIHAAQQATNTTREQWRSYHER","active",50
"Spc42p_1_50",-0.189,"MNGSPTPKRYSSKSSRLYDDYYNIPYQYSNPTPMNRDYNDVGSRINADKL","active",50
"Spo74p_322_371",-0.489,"FFHPNNIHQTKPFMSFENQNELLFQRKNSDYKQHFNSGRNIHNGVESKSY","active",50
"Spt16p_412_461",-0.02,"YALQLADTVQIPLDETEPPRFLTNYTKAKSQISFYFNNEEEDNNKKKSSP","active",50
"Spt20p_309_358",-0.042,"IYQQFESEILTLTKRNLSLSVPLNPYEHRDMLEETAFSEPHWDSEKKSFI","active",50
"Spt5p_1014_1063",0.023,"ASTWGGNNNNKSTRDGGASAWGNQDDGNRSAWNNQGNKSNYGGNSTWGGH","active",50
"Spt5p_902_951",-0.32,"GGMTPGWSSFDGGKTPAVNAHGGSGGGGVSSWGGASTWGGQGNGGASAWG","active",50
"Spt5p_922_971",-0.587,"HGGSGGGGVSSWGGASTWGGQGNGGASAWGGAGGGASAWGGQGTGATSTW","active",50
"Spt5p_962_1011",-0.4,"GQGTGATSTWGGASAWGNKSSWGGASTWASGGESNGAMSTWGGTGDRSAY","active",50
"Sqs1p_71_120",0.012,"AFISPKTIEDYYFGRDAKSRSMKMGGLRPGNRYDSSTDLQAGRAAFRKRP","active",50
"Ssd1p_41_90",0.027,"QSELTNLMIEQFTLQKQLEQVQAQQQQLMAQQQQLAQQTGQYLSGNSGSN","active",50
"Ssn2p_344_393",0.234,"QFQHYKNNSISSQPASYHSVQETNKISPKDFSPNFTGIDKLMLSPSDQFA","active",50
"Stb1p_311_360",-0.197,"TTPSRELNGTNFNLLRTPNFNMGDYLHNLFSPSPRVPAQQGASNTSASIP","active",50
"Stb4p_168_217",0.152,"SSASNSPNPNSHYHHISSTLPFMSGRPNHTFHSGSNLNGENNNNSFPEDH","active",50
"Stb4p_188_237",0.082,"PFMSGRPNHTFHSGSNLNGENNNNSFPEDHMAKLLLQLSSKLGNTTKESS","active",50
"Std1p_51_100",0.122,"LPHNNQEINTPNHYNLSSNSGNVRSNNNFVTTPPEYADRARIEIIKRLLP","active",50
"Ste12p_428_477",-0.208,"NAKSHNSGQQTKQHQLYSNNFQQSYPNGMVPGYYPKMPYNPMGGDPLLDQ","active",50
"Ste12p_499_548",-0.888,"PQTATSWNVLPPQAMQPAPTYVGRPYTPNYRSTPGSAMFPYMQSSNSMQW","active",50
"Ste12p_519_568",-0.707,"YVGRPYTPNYRSTPGSAMFPYMQSSNSMQWNTAVSPYSSRAPSTTAKNYP","active",50
"Ste12p_539_588",-0.459,"YMQSSNSMQWNTAVSPYSSRAPSTTAKNYPPSTFYSQNINQYPRRRTVGM","active",50
"Sup35p_21_70",-1.209,"NQQQGNNRYQGYQAYNAQAQPAGGYYQNYQGYSGYQQGGYQQYNPDAGYQ","active",50
"Sup35p_41_90",-1.325,"PAGGYYQNYQGYSGYQQGGYQQYNPDAGYQQQYNPQGGYQQYNPQGGYQQ","active",50
"Sup35p_71_120",-0.928,"QQYNPQGGYQQYNPQGGYQQQFNPQGGRGNYKNFNYNNNLQGYQAGFQPQ","active",50
"Swi4p_267_316",-0.29,"IHENSFNNNYSATQKPLQFFPIPTNLQNKNVALNNPNNNDSNSYSHNIDN","active",50
"Swi4p_377_426",-0.265,"LNQSNEQQFYNQQEKIQRHFKLMKQPLLWQSFQNPNDHHNEYCDSNGSNN","active",50
"Syh1p_122_171",-0.51,"FPNVAPYLYNATGPAPNVGNQPPPPGIESQWKYIDSNGNIQGPFGTNNMS","active",50
"Taf12p_31_80",0.121,"MVLQPRQLQEMAAKFRTLLTEARNVGETTPRGKELMFQAAKIKQVYDALT","active",50
"Taf4p_181_230",-0.064,"PNHLPFLHPEQVSNYMRKVGKEQNFNLTPTKNPEILDMMSSACENYMRDI","active",50
"Tao3p_1_50",0.233,"MASRFTFPPQRDQGIGFTFPPTNKAEGSSNNNQISIDIDPSGQDVLEEIN","active",50
"Tax4p_381_430",-0.101,"TTAAVVGSSTSVLPFPHHHHHHHQLHNPNSHHLHTHHHTSSHKFNEDKPW","active",50
"Tbf1p_304_353",-0.126,"LYDFDVNEFDPQVLFSTGTRTVEFMDDQNQPSSASAFLSTARPNHYSTHT","active",50
"Tda7p_538_587",-0.535,"SNEFNFKARGNPPPVPPPRNVTAMNGSFQNMRSNFMDQENRFSYGSSFTY","active",50
"Tda7p_558_607",-0.504,"VTAMNGSFQNMRSNFMDQENRFSYGSSFTYSSLGSSTQGGFSTLSSNSIR","active",50
"Tda9p_367_416",-0.575,"DFLTMGSSYGGSGGFAKSITADPSLDYFNYKNHSHPDSRHNNSSSGINYS","active",50
"Tec1p_437_486",-0.94,"DAYNANYIQGLPQYQTSYFSQLLLSSPQHYEHSPHQRNFTPSNQSHGNFY","active",50
"Tfc7p_324_373",0.073,"TDAPLFRIGNRLYEGSWERLVGTELAFPNAAHVHKKTAGLLSPTEENETT","active",50
"Tfg1p_301_350",0.282,"FEEGTMDPLADVAPDGGGRAKRGNLRRKTRQLKVLDENAKKLRFEEFYPW","active",50
"Thp3p_1_50",-1.025,"MQNPYGHFTNNTTEDREASSQGGPFGQSLNRPLDYAGSFPSLTYNNNNFI","active",50
"Thp3p_41_90",-0.266,"SLTYNNNNFIANQQPSLPLPEPRLSWNNVNQVSNPLMVTPLPGLQKRMNK","active",50
"Tif4631p_61_110",-1.283,"GGKFGPNRYNNRGNYNGGGSFRGGHMGANSSNVPWTGYYNNYPVYYQPQQ","active",50
"Tif4632p_61_110",-0.402,"GKYGTNKYNNRNNSQGNAQYYNNRFNNGYRLNNNDYNPAMLPGMQWPANY","active",50
"Toa1p_38_87",-0.142,"LKNIWQKKLTETKVTTFSWDNQFNEGNINGVQNDLNFNLATPGVNSSEFN","active",50
"Tos2p_417_466",-0.228,"DDNYYYNYPLPLEHPQNYENIGDLPTPTQFIYSTSSHSLTSFKGRPKPPK","active",50
"Tup1p_281_330",-0.079,"QDHYLVPYNQRANHSKPIPPFLLDLDSQSVPDALKKQTNDYYILYNPALP","active",50
"Ubp14p_593_642",-0.077,"QLIEMGFTQNASVRALFNTGNQDAESAMNWLFQHMDDPDLNDPFVPPPNV","active",50
"Ubr1p_1868_1917",-0.135,"FGVGAEGIAGGGVRDFFQFFENFRNTLQPQGNGDDDAPQNPPPILQFLGP","active",50
"Ubx3p_1_50",0.36,"MDIFRHTFGNNDDSFIRIPGAFREEPPADLNGRTEDQNSNTNEPTQSRDG","active",50
"Ulp1p_96_145",-0.104,"TLWNSGKYLWHTFVKNEPRNFDGSEVEASGNSDVESRSSGSRSSDVPYGL","active",50
"Ulp2p_680_729",0.314,"TLKLLQLNYISYLKKENLYEEVMQMEEKKSTNINNNENYDDDDEEIQIIE","active",50
"Ume6p_431_480",-0.357,"SFTSTNNNNPQRNNINRGEDPFATSSRPSTGFFYGDLPNRNNRNSPFHTN","active",50
"Ure2p_71_120",-0.229,"NDNENNIKNTLEQHRQQQQAFSDMSHVEYSRITKFFQEQPLEGYTLFSHR","active",50
"Usv1p_157_206",-0.224,"PQIIHSSPEFITSTRSIPPISPRSIYNTQRQQQHQQQQHQQAPYYFPSHP","active",50
"Usv1p_177_226",-0.831,"SPRSIYNTQRQQQHQQQQHQQAPYYFPSHPITDSYYQYPLPSNNNTINYL","active",50
"Vac7p_691_740",-0.191,"VPDHVNLEDYIEQPHNYPTMQNSVKKDEFYNSRNNKFPHGLNFYGDNNVI","active",50
"Vac7p_811_860",-0.416,"TFNSYYGSASNTHELPLHGRMPSRSNNDYYDFMVGNNTGNNNQLNEYTPL","active",50
"Vps72p_571_620",-0.436,"SSAENSLSTQTYEGPEQLTSRNFVTLYDFPNAPPNLKDFNTNLFGDRWSY","active",50
"War1p_150_199",-0.117,"SSLKDGTSYLASFPSDPNAKQFPNSRTVLPGLQQSLSDLWSTLSQPPSYG","active",50
"Wwm1p_61_110",-0.402,"SSRQQADQAPPPYSSQSTPQVQAGAQAQQPRYYQPQQPQYPQYPQQQRYY","active",50
"Wwm1p_91_140",-0.322,"RYYQPQQPQYPQYPQQQRYYPQQAPMPAAAPQQAYYGTAPSTSKGSGHGG","active",50
"Xbp1p_515_564",-0.886,"SNLASFYNTHGHRYSYPGNIYIPQQRYSLPPPNQLSSPQRQLNYTYDHIH","active",50
"Xbp1p_555_604",-0.768,"QLNYTYDHIHPVPSQYQSPRHYNVPSSPIAPAPPTFPQPYGDDHYHFLKY","active",50
"Xbp1p_585_634",-0.064,"PAPPTFPQPYGDDHYHFLKYASEVYKQQNQRPAHNTNTNMDTSFSPRANN","active",50
"Xrn1p_1376_1425",-0.392,"PHPMNVVGGPIPGANDVADVGLPYNIPPGFMTHPNGLHPLHPHQMPYPNM","active",50
"Xrn1p_1396_1445",-0.727,"GLPYNIPPGFMTHPNGLHPLHPHQMPYPNMNGMSIPPPAPHGFGQPISFP","active",50
"Yak1p_101_150",-0.043,"QQNLVYPPQYDDLNSNESLDAYRRRKSSLVVPPARAPAPNPFQYDSYPAY","active",50
"Yak1p_181_230",-0.346,"AIHPSQFGSRFVPSLYDRQDFQRRQSLAATNYSSNFSSLNSNTNQGTNSI","active",50
"Yak1p_201_250",-0.066,"FQRRQSLAATNYSSNFSSLNSNTNQGTNSIPVMSPYRRLSAYPPSTSPPL","active",50
"Yak1p_61_110",-0.277,"SPQQQHQNHHQQQQQQQQQQQQNSQFCFVNPWNEEKVTNSQQNLVYPPQY","active",50
"Yap1801p_492_541",0.067,"TNMPLQQQIISNPFQNQTYNQQQFQQQKMPLSSINSVMTTPTSMQGSMNI","active",50
"Yap1801p_572_621",0.184,"QQQQQPQQGYYVPATAGANPVTNITGTVQPQNFPFYPQQQPQPEQSQTQQ","active",50
"Yap1p_241_290",0.053,"NDVLNNTPNSSTSMDWLDNVIYTNRFVSGDDGSNSKTKNLDSNMFSNDFN","active",50
"Yap1p_454_503",-0.07,"SLLQSSKEDIPFINANLAFPDDNSTNIQLQPFSESQSQNKFDYDMFFRDS","active",50
"Yap6p_111_160",-0.271,"YNRPQNAHVSIQPSVVFPPKSYSISYAPYQINPPLPNGLPNQSISLNKEY","active",50
"Yap6p_301_350",0.423,"LCNENNMLKNENSIIKNEHNMSRNENENLKLENKRFHAEYIRMIEDIENT","active",50
"Ybl081Wp_123_172",-0.348,"NLNQQKYKQYPQYTSNPMVTAHLKQTYPQLYYNSNVNAHNNNNNSNNNNN","active",50
"Ybl081Wp_153_202",-0.201,"YYNSNVNAHNNNNNSNNNNNNNNNSNNNNNLYNQTQFSTRYFNSNSSPSL","active",50
"Ybl081Wp_23_72",-1.103,"EYRSLKLLHQSSNSFQSHNAPSHQSNYHPHYNHMKYNNTGSYYYYNNNNN","active",50
"Ybl081Wp_3_52",-0.382,"GQIISIPFLSQNEDMDKYLLEYRSLKLLHQSSNSFQSHNAPSHQSNYHPH","active",50
"Ybl081Wp_53_102",-0.874,"YNHMKYNNTGSYYYYNNNNNSSVNPHNQAGLQSINRSIPSAPYGAYNQNR","active",50
"Ybl086Cp_301_350",-0.289,"SMSPLIESLYQKTFKLPWDPRPGEFTPRECVEDILQGGNGWAKNEKGINL","active",50
"Ybr238Cp_31_80",-0.501,"PMKFNGTIAMEHHEHNYAIPYTPATFNNPALATYQVSPANHFVPHFGGNI","active",50
"Ybr238Cp_91_140",0.122,"NNSNNSNNHHNNNRNHHHNNNRNHHQNNHNHSKYNNSNQGNSISPDSPWF","active",50
"Ydl012Cp_1_50",-0.051,"MSAQDYYGNSASKQSYSRPSAPPPGYETASRGYAPSQSQQNYYPPQQQQQ","active",50
"Ydl012Cp_21_70",-1.008,"APPPGYETASRGYAPSQSQQNYYPPQQQQQQYQQQPQYYQQQQPQYYQQH","active",50
"Ydl012Cp_41_90",-0.189,"NYYPPQQQQQQYQQQPQYYQQQQPQYYQQHPQQPIYVQQQPASSGNEDCL","active",50
"Ydr338Cp_41_90",-0.028,"NPLVRKFRARTRNIDQRSFRSLTDDFGSNVHEPNPYLGNIDEEPDLYYHD","active",50
"Yel043Wp_669_718",-0.089,"YPDNISNYSKGFTTDELDNYWTKQQPQVRSTNESLFSTTGTPMSSYKANP","active",50
"Ygr017Wp_190_239",0.033,"DYYPQPQEWEAELLRQWSSLSRHTKSLYRKPAPGQKLTSETSKQLDKLHR","active",50
"Yif1p_31_80",-0.328,"QIPRNTPVNGQGNANMNANVNGSGGGFPFQDPRGSMAFQLGQSAFSNFIG","active",50
"Yil055Cp_246_295",-0.406,"MQMPYQTTLPSPTAAATAGGPLASPTHYPRRRHFYHQNQSQFQKYMHNSP","active",50
"Ykr015Cp_381_430",0.018,"QNNISWNTTMKDIDPIYMSERCARVWRKEQQMLGLEKAQTFEKKYCKDQM","active",50
"Ykr075Cp_251_300",0.068,"DIQHSRHHRRHHRRHHHHHHQNSSHSDETIKEAHYEFSNYTFGTMEEDIF","active",50
"Ylr177Wp_181_230",-0.308,"ISDALIHGNAATQQPQYSQPVYINNNPSLQVPYTAPSEYTQQQQYSSPFN","active",50
"Yml119Wp_51_100",-0.176,"SNQQFFYYPESPTKNLRPRFNSISQVNKGVNEDHYTGGGSSNNNRPSRYT","active",50
"Ynl058Cp_216_265",0.525,"SKDTNIFIDDPFLYVGTYLEEEEEEEEERKLNLNRPQRAASPERKEKKIN","active",50
"Ynl208Wp_150_199",-0.095,"PQEFGGPGGQGFGGPNPQEFGGPGGQGFGGPNPQEFGGQGRQGFNGGSRW","active",50
"Yol019Wp_419_468",-0.25,"YNQMPRETAAGPANIRPYAGQPHPAPLVYPQQRLQPQQQQPQQQYHQYNL","active",50
"Ypl077Cp_21_70",-0.318,"RYGEDSIHDLPRTIPNVNPYIRNSGFRPSYSSQIPSTRSLFNNYYNRSSA","active",50
"Yrb30p_383_432",0.399,"EYIIRLTSLQSNDQKSILEVSDERLSIYLNDENTNSRKDRISNSTIEETE","active",50
"Yrr1p_122_171",0.024,"AEKNTNSSASSMYTSPNFPPLGTSVGRGSTETSSPLPDGVINPYADRYYL","active",50
"Ysp2p_585_634",0.205,"NLRNSFNKNRNSSSDFFSTNQGQQMPRTSTAGSGNIHAIMGLDSGNDDFK","active",50
"Yta7p_361_410",0.462,"NKLILDSDSSDDEILPLGVTPKTKKENTQKKKKKKPEIADLDPLGVDMNV","active",50
"Zrg17p_21_70",0.05,"FQTPKLNDSDASSFSLSNMNAVGNVDGIPSQNRTFFASPRPSSLFYSAKE","active",50
"Zrg17p_41_90",-0.1,"AVGNVDGIPSQNRTFFASPRPSSLFYSAKEGNNSSSSIIYNPSFTFGENA","active",50
"Zrg8p_831_880",0.038,"PPLPPPARSQSLKYHDLNCDLDSEVPRPMSNLFFIDEAEEDEYNQKSKFF","active",50
